,label,root_id
0,A1_L1,720575940631693610
1,A1_L2,720575940631200327
2,A1_L3,720575940618522433
3,A1_R1,720575940612001489
4,A1_R2,720575940616313942
5,A2_L,720575940638214461
6,A2_R,720575940632649697
7,B1-1_L1,720575940626562570
8,B1-1_L2,720575940635547113
9,B1-1_L3,720575940629913169
10,B1-1_L4,720575940609843865
11,B1-1_L5,720575940622097959
12,B1-1_L6,720575940625683176
13,B1-1_R1,720575940630223052
14,B1-1_R2,720575940611277293
15,B1-1_R3,720575940616809401
16,B1-1_R4,720575940619942859
17,B1-1_R5,720575940607188036
18,B1-1_R6,720575940606332629
19,B1-1_R7,720575940620694015
20,B1-2_L1,720575940627957719
21,B1-2_L2,720575940610077026
22,B1-2_L3,720575940632715359
23,B1-2_L4,720575940620758221
24,B1-2_L5,720575940607371076
25,B1-2_L6,720575940614450774
26,B1-2_L7,720575940618758753
27,B1-2_L8,720575940642412941
28,B1-2_R1,720575940636679989
29,B1-2_R2,720575940612523571
30,B1-2_R3,720575940604839200
31,B1-2_R4,720575940610358990
32,B1-2_R5,720575940627410944
33,B1-2_R6,720575940630603091
34,B1-2_R7,720575940612146174
35,B1-2_R8,720575940622254375
36,B1-3_L1,720575940628910095
37,B1-3_L2,720575940606010569
38,B1-3_L3,720575940654117025
39,B1-3_L4,720575940603636913
40,B1-3_R1,720575940624704393
41,B1-3_R2,720575940618066415
42,B1-3_R3,720575940619405812
43,B1-3_R4,720575940614840891
44,B1-4_L1,720575940617431325
45,B1-4_L2,720575940609076693
46,B1-4_L3,720575940609522382
47,B1-4_L4,720575940614633867
48,B1-4_L5,720575940613380914
49,B1-4_L6,720575940639241279
50,B1-4_L7,720575940606336213
51,B1-4_R1,720575940620980323
52,B1-4_R2,720575940627263375
53,B1-4_R3,720575940637663662
54,B1-4_R4,720575940614310802
55,B1-4_R5,720575940635282910
56,B1-4_R6,720575940618599277
57,B1-4_R7,720575940609673369
58,B1-5_L1,720575940615723077
59,B1-5_L2,720575940618409797
60,B1-5_L3,720575940621043753
61,B1-5_L4,720575940611864243
62,B1-5_L5,720575940634599792
63,B1-5_L6,720575940624087283
64,B1-5_L7,720575940631631564
65,B1-5_L8,720575940639205198
66,B1-5_L9,720575940609832410
67,B1-5_L10,720575940616804806
68,B1-5_R1,720575940621242025
69,B1-5_R2,720575940618392912
70,B1-5_R3,720575940634877850
71,B1-5_R4,720575940620731631
72,B1-5_R5,720575940616633925
73,B1-5_R6,720575940630277175
74,B1-5_R7,720575940628016983
75,B1-5_R8,720575940646400644
76,B1-5_R9,720575940627455621
77,B1-5_R10,720575940623233238
78,B1-5_R11,720575940621800798
79,B1-5_R12,720575940617882397
80,B1-5_R13,720575940622577336
81,B1-6_L1,720575940612153086
82,B1-6_L2,720575940621339686
83,B1-6_L3,720575940632829507
84,B1-6_L4,720575940611388141
85,B1-6_L5,720575940630131218
86,B1-6_L6,720575940625454596
87,B1-6_R1,720575940626153488
88,B1-6_R2,720575940646341486
89,B1-6_R3,720575940629063418
90,B1-6_R4,720575940644072483
91,B1-6_R5,720575940625483962
92,B1-6_R6,720575940607570185
93,B1-7_L1,720575940634606693
94,B1-7_L2,720575940619034806
95,B1-7_L3,720575940611988391
96,B1-7_L4,720575940613422860
97,B1-7_L5,720575940608035374
98,B1-7_L6,720575940626798101
99,B1-7_R1,720575940659098241
100,B1-7_R2,720575940603195494
101,B1-7_R3,720575940630028359
102,B1-7_R4,720575940634701407
103,B1-7_R5,720575940622004106
104,B1-7_R6,720575940615226086
105,B1-7_R7,720575940632084705
106,B1-7_R8,720575940622778820
107,B1-u_L1,720575940624795017
108,B1-u_L2,720575940609648395
109,B1-u_L3,720575940627235386
110,B1-u_L4,720575940624878602
111,B1-u_L5,720575940615408059
112,B1-u_L6,720575940621815766
113,B1-u_L7,720575940622168088
114,B1-u_L8,720575940624109464
115,B1-u_L9,720575940632122464
116,B1-u_L10,720575940634915576
117,B1-u_L11,720575940623873829
118,B1-u_L12,720575940644345652
119,B1-u_L13,720575940635054072
120,B1-u_L14,720575940637687605
121,B1-u_R1,720575940624872179
122,B1-u_R2,720575940618524481
123,B1-u_R3,720575940639696755
124,B1-u_R4,720575940603616800
125,B1-u_R5,720575940624245946
126,B1-u_R6,720575940623735482
127,B1-u_R7,720575940621575774
128,B1-u_R8,720575940610638434
129,B2_L1,720575940624700138
130,B2_L2,720575940620012253
131,B2_L3,720575940611597298
132,B2_R1,720575940625984528
133,B2_R2,720575940629065154
134,B2_R3,720575940613311151
135,GF_L,720575940632499757
136,GF_R,720575940622838154
137,WED-VLP-1_L1,720575940641359776
138,WED-VLP-1_L2,720575940609927141
139,WED-VLP-1_L3,720575940618833840
140,WED-VLP-1_L4,720575940620392984
141,WED-VLP-1_L5,720575940621308341
142,WED-VLP-1_L6,720575940625989904
143,WED-VLP-1_L7,720575940616611382
144,WED-VLP-1_L8,720575940619785566
145,WED-VLP-1_L9,720575940619784453
146,WED-VLP-1_L10,720575940631922969
147,WED-VLP-1_L11,720575940623304906
148,WED-VLP-1_R1,720575940619249031
149,WED-VLP-1_R2,720575940649911286
150,WED-VLP-1_R3,720575940623787495
151,WED-VLP-1_R4,720575940627174247
152,WED-VLP-1_R5,720575940629954724
153,WED-VLP-1_R6,720575940641400224
154,WED-VLP-1_R7,720575940623547685
155,WED-VLP-1_R8,720575940603186790
156,WED-VLP-1_R9,720575940621447077
157,WED-VLP-1_R10,720575940622969528
158,WED-VLP-1_R11,720575940632157631
159,WED-VLP-2_L1,720575940627350060
160,WED-VLP-2_L2,720575940632649567
161,WED-VLP-2_L4,720575940622609678
162,WED-VLP-2_L5,720575940617117656
163,WED-VLP-2_L6,720575940609927653
164,WED-VLP-2_R1,720575940634126949
165,WED-VLP-2_R2,720575940634126478
166,WED-VLP-2_R3,720575940622699196
167,WED-VLP-2_R5,720575940613943413
168,WED-VLP-2_R6,720575940630744019
169,WV-WV-1_1,720575940623322877
170,WV-WV-1_2,720575940622123981
171,WV-WV-1_3,720575940635330204
172,WV-WV-2_1,720575940605095346
173,WV-WV-2_2,720575940634571383
174,WV-WV-2_3,720575940620835327
175,WV-WV-2_4,720575940625345328
176,WV-WV-2_5,720575940621148660
177,WV-WV-2_6,720575940618342966
178,WV-WV-3_1,720575940639811469
179,WV-WV-3_2,720575940603533246
180,WV-WV-3_3,720575940632945177
181,WV-WV-3_4,720575940627201579
182,WV-WV-3_5,720575940621717469
183,WV-WV-3_6,720575940605214636
184,WV-WV-3_7,720575940604201830
185,WV-WV-4-1,720575940609513841
186,WV-WV-4-2,720575940641545888
187,AVLP_pr01-1_L1,720575940619783518
188,AVLP_pr01-1_L2,720575940620062633
189,AVLP_pr01-1_L3,720575940602914988
190,AVLP_pr01-1_L4,720575940620195719
191,AVLP_pr01-1_L5,720575940634508174
192,AVLP_pr01-1_R1,720575940628489516
193,AVLP_pr01-1_R2,720575940622065432
194,AVLP_pr01-1_R3,720575940631425965
195,AVLP_pr01-1_R4,720575940623987982
196,AVLP_pr01-1_R5,720575940629283659
197,AVLP_pr01-2_L1,720575940630353682
198,AVLP_pr01-2_L2,720575940627642818
199,AVLP_pr01-2_L3,720575940609014370
200,AVLP_pr01-2_L4,720575940632670434
201,AVLP_pr01-2_R1,720575940626042499
202,AVLP_pr01-2_R2,720575940620929416
203,AVLP_pr01-2_R3,720575940603683505
204,AVLP_pr01-2_R4,720575940621713672
205,AVLP_pr01-3_L,720575940607055061
206,AVLP_pr01-3_R,720575940627709801
207,AVLP_pr02_L1,720575940644319796
208,AVLP_pr02_L2,720575940619583749
209,AVLP_pr02_L3,720575940636504553
210,AVLP_pr02_R1,720575940610558357
211,AVLP_pr02_R2,720575940630087542
212,AVLP_pr02_R3,720575940617390027
213,WED_pr01-1_L1,720575940623621157
214,WED_pr01-1_L2,720575940624875018
215,WED_pr01-1_L3,720575940624314468
216,WED_pr01-1_L4,720575940616612313
217,WED_pr01-1_L5,720575940626228329
218,WED_pr01-1_R1,720575940624473918
219,WED_pr01-1_R2,720575940632303807
220,WED_pr01-1_R3,720575940622529574
221,WED_pr01-1_R4,720575940619491828
222,WED_pr01-1_R5,720575940621558762
223,WED_pr01-2_L1,720575940628584783
224,WED_pr01-2_L2,720575940628038906
225,WED_pr01-2_R2,720575940638666473
226,GNG_pr_01-1_L1,720575940629687824
227,GNG_pr_01-1_L2,720575940655398817
228,GNG_pr_01-1_L3,720575940630203589
229,GNG_pr_01-1_L5,720575940615966943
230,GNG_pr01-1_R1,720575940635520489
231,GNG_pr01-1_R2,720575940625778428
232,GNG_pr01-1_R3,720575940628869391
233,GNG_pr01-1_R4,720575940617641077
234,GNG_pr01-2_L1,720575940619615770
235,GNG_pr01-2_L2,720575940621429757
236,GNG_pr01-2_L3,720575940612801022
237,GNG_pr01-2_R1,720575940641626056
238,GNG_pr01-2_R2,720575940630571068
239,AVLP_pr22_L1,720575940630622803
240,AVLP_pr22_L2,720575940613530636
241,AVLP_pr22_L3,720575940611713634
242,AVLP_pr22_L4,720575940618003672
243,AVLP_pr22_R1,720575940639256704
244,AVLP_pr22_R2,720575940627660905
245,AVLP_pr22_R3,720575940633613026
246,AVLP_pr22_R4,720575940632527571
247,AVLP_pr22_R5,720575940613917042
248,IPS/WED_pr01_L1,720575940616420150
249,IPS/WED_pr01_L2,720575940632184928
250,IPS/WED_pr01_L3,720575940612975007
251,IPS/WED_pr01_L4,720575940642686999
252,IPS/WED_pr01_L5,720575940630049617
253,IPS/WED_pr01_L6,720575940615768861
254,IPS/WED_pr01_L7,720575940630622509
255,IPS/WED_pr01_L8,720575940631968855
256,IPS/WED_pr01_L9,720575940615906388
257,IPS/WED_pr01_L10,720575940626096138
258,IPS/WED_pr01_L11,720575940625799950
259,IPS/WED_pr01_R1,720575940615236582
260,IPS/WED_pr01_R2,720575940609291214
261,IPS/WED_pr01_R3,720575940623802298
262,IPS/WED_pr01_R4,720575940629211960
263,IPS/WED_pr01_R5,720575940618225030
264,IPS/WED_pr01_R6,720575940625391397
265,IPS/WED_pr01_R7,720575940616708108
266,IPS/WED_pr01_R8,720575940619233812
267,IPS/WED_pr01_R9,720575940625344529
268,IPS/WED_pr01_R10,720575940625779655
269,AVLP_pr31_L2,720575940607254723
270,AVLP_pr31_L3,720575940619590081
271,AVLP_pr31_L4,720575940620801304
272,AVLP_pr31_L5,720575940622754756
273,AVLP_pr31_L6,720575940627952207
274,AVLP_pr31_R1,720575940611694545
275,AVLP_pr31_R2,720575940627827450
276,AVLP_pr32_R1,720575940648981881
277,AVLP_pr32_R2,720575940610929379
278,AVLP_pr32_R3,720575940617353433
279,SAD_pr02_L1,720575940621324996
280,SAD_pr02_L2,720575940617197057
281,SAD_pr02_L3,720575940617884736
282,SAD_pr02_L4,720575940630659446
283,SAD_pr02_L5,720575940615868485
284,SAD_pr02_L6,720575940612338674
285,SAD_pr02_L7,720575940623292713
286,SAD_pr02_R1,720575940620910774
287,SAD_pr02_R2,720575940608432760
288,SAD_pr02_R3,720575940633040097
289,SAD_pr02_R4,720575940623090446
290,SAD_pr02_R5,720575940627939177
291,SAD_pr02_R6,720575940645497140
292,SAD_pr02_R7,720575940615625053
293,SAD_pr02_R8,720575940620859886
294,SAD_pr02_R9,720575940628846966
295,SAD_pr02_R10,720575940611335859
296,AVLP_pr04_L1,720575940629513478
297,AVLP_pr04_R1,720575940623113752
298,AVLP_pr12_L1,720575940628333788
299,AVLP_pr12_L2,720575940620424472
300,AVLP_pr12_L3,720575940635130905
301,AVLP_pr12_L4,720575940626869403
302,AVLP_pr12_L5,720575940632011420
303,AVLP_pr12_L6,720575940637319134
304,AVLP_pr12_L7,720575940616650589
305,AVLP_pr12_L8,720575940624273395
306,AVLP_pr12_L9,720575940625194014
307,AVLP_pr12_R1,720575940614437462
308,AVLP_pr12_R2,720575940626885124
309,AVLP_pr12_R3,720575940637079667
310,AVLP_pr12_R4,720575940634371941
311,AVLP_pr12_R5,720575940608082990
312,AVLP_pr12_R6,720575940630037073
313,AVLP_pr12_R7,720575940606687957
314,AVLP_PVLP_pr01-1_L1,720575940628071696
315,AVLP_PVLP_pr01-1_L2,720575940618595894
316,AVLP_PVLP_pr01-1_R,720575940613531295
317,AVLP_PVLP_pr01-2_L1,720575940626258690
318,AVLP_PVLP_pr01-2_L2,720575940629144906
319,AVLP_PVLP_pr01-2_L3,720575940631799343
320,AVLP_PVLP_pr01-2_R1,720575940612975853
321,AVLP_PVLP_pr01-2_R2,720575940634317724
322,AVLP_PVLP_pr01-2_R3,720575940621752001
323,AVLP_pr36/asp10a-1_L1,720575940632764883
324,AVLP_pr36/asp10a-1_L2,720575940617362772
325,AVLP_pr36/asp10a-1_L3,720575940620356557
326,AVLP_pr36/asp10a-1_L4,720575940627719294
327,AVLP_pr36/asp10a-1_L5,720575940627363687
328,AVLP_pr36/asp10a-1_L6,720575940615635037
329,AVLP_pr36/asp10a-1_L7,720575940615592409
330,AVLP_pr36/asp10a-1_L8,720575940619688688
331,AVLP_pr36/asp10a-1_L9,720575940637175349
332,AVLP_pr36/asp10a-1_L10,720575940628837650
333,AVLP_pr36/asp10a-1_R1,720575940637834301
334,AVLP_pr36/asp10a-1_R2,720575940629244357
335,AVLP_pr36/asp10a-1_R3,720575940602120928
336,AVLP_pr36/asp10a-1_R4,720575940617034398
337,AVLP_pr36/asp10a-1_R5,720575940613034602
338,AVLP_pr36/asp10a-1_R6,720575940609996773
339,AVLP_pr36/asp10a-1_R7,720575940624662508
340,AVLP_pr36/asp10a-1_R8,720575940636471408
341,AVLP_pr36/asp10a-1_R9,720575940604445868
342,AVLP_pr36/asp10a-1_R10,720575940641972384
343,AVLP_pr36/asp10a-2_R1,720575940644252951
344,AVLP_pr36/asp10a-2_R2,720575940623437180
345,AVLP_pr18-1_L,720575940616941201
346,AVLP_pr18-1_R,720575940632109775
347,AVLP_pr18-2_L,720575940630396790
348,AVLP_pr18-2_R,720575940630302551
349,AVLP_pr05-1_L1,720575940618477806
350,AVLP_pr05-1_L2,720575940617529669
351,AVLP_pr05-1_L3,720575940615798045
352,AVLP_pr05-1_L4,720575940617193009
353,AVLP_pr05-1_L5,720575940625839345
354,AVLP_pr05-1_L6,720575940603331686
355,AVLP_pr05-1_R1,720575940618048724
356,AVLP_pr05-1_R2,720575940629414201
357,AVLP_pr05-1_R3,720575940639494528
358,AVLP_pr05-1_R4,720575940629349340
359,AVLP_pr05-1_R5,720575940623849496
360,AVLP_pr05-1_R6,720575940630303307
361,AVLP_pr05-2_L1,720575940617943205
362,AVLP_pr05-2_L2,720575940624172290
363,AVLP_pr05-2_R,720575940617842196
364,AVLP_pr05-3_R1,720575940612965791
365,AVLP_pr05-3_R2,720575940607049941
366,AVLP_pr05-3_R3,720575940605611209
367,IPS_pr01-1_L1,720575940615915035
368,IPS_pr01-1_L2,720575940610088618
369,IPS_pr01-1_L3,720575940616812217
370,IPS_pr01-1_L4,720575940624015459
371,IPS_pr01-1_L5,720575940629851496
372,IPS_pr01-1_R1,720575940627632428
373,IPS_pr01-1_R2,720575940617575760
374,IPS_pr01-1_R3,720575940618292416
375,IPS_pr01-2_L1,720575940629316152
376,IPS_pr01-2_L2,720575940624763678
377,IPS_pr01-2_L3,720575940610678226
378,IPS_pr01-2_R1,720575940609630357
379,IPS_pr01-2_R2,720575940619925887
380,IPS_pr01-2_R3,720575940624732260
381,IPS_pr01-2_R4,720575940621983757
382,AVLP_pr11_L,720575940614079715
383,AVLP_pr11_R1,720575940616783833
384,AVLP_pr11_R2,720575940610504750
385,WED_pr02_L1,720575940621835246
386,WED_pr02_L2,720575940625887631
387,WED_pr02_L3,720575940616121408
388,WED_pr02_L4,720575940611674265
389,WED_pr02_L5,720575940616211013
390,WED_pr02_L6,720575940615930299
391,WED_pr02_L7,720575940621540586
392,WED_pr02_L8,720575940640507763
393,WED_pr02_L9,720575940620581748
394,WED_pr02_L10,720575940605308082
395,WED_pr02_L11,720575940606743170
396,WED_pr02_R1,720575940632998136
397,WED_pr02_R2,720575940634299071
398,WED_pr02_R3,720575940637410394
399,WED_pr02_R4,720575940635981742
400,WED_pr02_R5,720575940630258003
401,WED_pr02_R6,720575940633044634
402,WED_pr02_R7,720575940612078511
403,WED_pr02_R8,720575940630749523
404,WED_pr02_R9,720575940629938487
405,WED_pr02_R10,720575940628267264
406,IPS_pr02_L,720575940610116581
407,IPS_pr02_R,720575940614018060
408,AVLP_pr23_L,720575940644968302
409,AVLP_pr23_R,720575940631153194
410,PVLP_pr03-1_L1,720575940622409983
411,PVLP_pr03-1_L2,720575940615205427
412,PVLP_pr03-1_L3,720575940621730910
413,PVLP_pr03-1_L4,720575940626583056
414,PVLP_pr03-1_R1,720575940636533574
415,PVLP_pr03-1_R2,720575940630637330
416,PVLP_pr03-1_R3,720575940623808520
417,PVLP_pr03-1_R4,720575940621301274
418,PVLP_pr03-2_L1,720575940625600284
419,PVLP_pr03-2_L2,720575940654167201
420,PVLP_pr03-2_L3,720575940610653462
421,PVLP_pr03-2_R1,720575940622304243
422,PVLP_pr03-2_R2,720575940628538732
423,PVLP_pr03-3_L1,720575940604285356
424,PVLP_pr03-3_L2,720575940625194558
425,PVLP_pr03-2_R3,720575940640926627
426,PVLP_pr03-2_R4,720575940611091012
427,SAD_pr01_L,720575940624571116
428,SAD_pr01_R,720575940644488727
429,AVLP_pr35_L,720575940612409494
430,AVLP_pr35_R,720575940626196313
431,vpoEN_L1,720575940619415679
432,vpoEN_L2,720575940632385943
433,vpoEN_R1,720575940635403230
434,vpoEN_R2,720575940634829168
435,vpoIN-1_L1,720575940614752395
436,vpoIN-1_L2,720575940618851425
437,vpoIN-1_L3,720575940612403427
438,vpoIN-1_L4,720575940628528377
439,vpoIN-1_L5,720575940628542807
440,vpoIN-1_R1,720575940623256202
441,vpoIN-1_R2,720575940632392599
442,vpoIN-1_R3,720575940629199146
443,vpoIN-1_R4,720575940627718394
444,vpoIN-1_R5,720575940633033567
445,vpoIN-2_L1,720575940628256763
446,vpoIN-2_L2,720575940616727782
447,vpoIN-2_L3,720575940620076415
448,vpoIN-2_R,720575940615200059
449,vpoIN-3_L,720575940636705502
450,vpoIN-3_R,720575940615894877
451,pMN1_L,720575940624463242
452,pMN1_R,720575940644300323
453,pMN2_L,720575940613170498
454,pMN2_R,720575940627496829
455,pC2la_L1,720575940636910825
456,pC2la_L2,720575940627670032
457,pC2la_L3,720575940623855397
458,pC2la_L4,720575940610455781
459,pC2la_L5,720575940621431492
460,pC2la_L6,720575940634545294
461,pC2la_L7,720575940630344396
462,pC2la_R1,720575940632522848
463,pC2la_R2,720575940619302640
464,pC2la_R3,720575940630057979
465,pC2la_R4,720575940619675712
466,pC2lb_L1,720575940638095293
467,pC2lb_L2,720575940618475101
468,pC2lb_L3,720575940631179807
469,pC2lb_L4,720575940626793831
470,pC2lb_R1,720575940623725972
471,pC2lb_R2,720575940633300148
472,pC2lb_R3,720575940640176848
473,pC2lb_R4,720575940640992731
474,pC2lb_R5,720575940611401709
475,pC2lc_R1,720575940620931348
476,pC2lc_R2,720575940628719375
477,pC2lc_R3,720575940629407020
478,pC2ld_R,720575940629017591
479,pC1d_L,720575940620356545
480,pC1d_R,720575940646518382
481,pC1e_L,720575940618364480
482,pC1e_R,720575940634866586
483,aPN3_L1,720575940628244064
484,aPN3_L2,720575940603903264
485,aPN3_L3,720575940616748756
486,aPN3_L4,720575940625466387
487,aPN3_L5,720575940626990086
488,aPN3_R1,720575940615308729
489,aPN3_R2,720575940623020263
490,aPN3_R3,720575940615503249
491,aPN3_R4,720575940618149336
492,aPN3_R5,720575940621159181
493,aPN2_L1,720575940618772719
494,aPN2_L2,720575940620833974
495,aPN2_L3,720575940625597317
496,aPN2_L4,720575940627027087
497,aPN2_R1,720575940603930046
498,aPN2_R2,720575940630214564
499,aPN2_R3,720575940629394232
500,aPN2_R4,720575940606919602
501,aPN2_R5,720575940650920569
502,aPN2_R6,720575940614190242
503,aPN2_R7,720575940629552170
504,JO-A_L1,720575940608975371
505,JO-A_L2,720575940642063245
506,JO-A_L3,720575940627085199
507,JO-A_L4,720575940614014614
508,JO-A_L5,720575940634228124
509,JO-A_L6,720575940643903904
510,JO-A_L7,720575940622295585
511,JO-A_L8,720575940619465131
512,JO-A_L9,720575940629237036
513,JO-A_L10,720575940615676334
514,JO-A_L11,720575940607208114
515,JO-A_L12,720575940613304883
516,JO-A_L13,720575940615241010
517,JO-A_L14,720575940624167093
518,JO-A_L15,720575940624428728
519,JO-A_L16,720575940617668537
520,JO-A_L17,720575940614866242
521,JO-A_L18,720575940632812867
522,JO-A_L19,720575940610236740
523,JO-A_L20,720575940609691075
524,JO-A_L21,720575940623587780
525,JO-A_L22,720575940631463495
526,JO-A_L23,720575940626162378
527,JO-A_L24,720575940639375182
528,JO-A_L25,720575940640713680
529,JO-A_L26,720575940619878485
530,JO-A_L27,720575940630534615
531,JO-A_L28,720575940620537435
532,JO-A_L29,720575940608487772
533,JO-A_L30,720575940637389534
534,JO-A_L31,720575940614332899
535,JO-A_L32,720575940628054760
536,JO-A_L33,720575940632022888
537,JO-A_L34,720575940614280554
538,JO-A_L35,720575940624770540
539,JO-A_L36,720575940621870576
540,JO-A_L37,720575940630721910
541,JO-A_L38,720575940618851963
542,JO-A_L39,720575940627106173
543,JO-A_R1,720575940627538947
544,JO-A_R2,720575940628356358
545,JO-A_R3,720575940627142666
546,JO-A_R4,720575940608457483
547,JO-A_R5,720575940642163341
548,JO-A_R6,720575940621340429
549,JO-A_R7,720575940626242191
550,JO-A_R8,720575940627442197
551,JO-A_R9,720575940633057943
552,JO-A_R10,720575940621464344
553,JO-A_R11,720575940625227672
554,JO-A_R12,720575940617534110
555,JO-A_R13,720575940624670759
556,JO-A_R14,720575940623189799
557,JO-A_R15,720575940620649641
558,JO-A_R16,720575940627195691
559,JO-A_R17,720575940632669741
560,JO-A_R18,720575940619694512
561,JO-A_R19,720575940618056753
562,JO-A_R20,720575940607059122
563,JO-A_R21,720575940637418549
564,JO-A_R22,720575940621110454
565,JO-A_R23,720575940638256949
566,JO-A_R24,720575940618770625
567,JO-A_R25,720575940619508033
568,JO-A_R26,720575940630017603
569,JO-A_R27,720575940630018115
570,JO-A_R28,720575940608554052
571,JO-A_R29,720575940614544582
572,JO-A_R30,720575940620322753
573,JO-A_R31,720575940622591049
574,JO-A_R32,720575940626164938
575,JO-A_R33,720575940606612937
576,JO-A_R34,720575940625917386
577,JO-A_R35,720575940623840589
578,JO-A_R36,720575940631156431
579,JO-A_R37,720575940607367125
580,JO-A_R38,720575940628769239
581,JO-A_R39,720575940613682911
582,JO-A_R40,720575940620745825
583,JO-A_R41,720575940629044071
584,JO-A_R42,720575940634414959
585,JO-A_R43,720575940611177586
586,JO-A_R44,720575940614927989
587,JO-A_R45,720575940627046010
588,JO-A_R46,720575940626522620
589,JO-A_R47,720575940629450366
590,JO-A_R,720575940621791664
591,JO-A_L,720575940626949513
592,JO-A_R,720575940622706653
593,JO-A_R,720575940624832231
594,JO-A_R,720575940630211127
595,JO-A_R,720575940615750318
596,JO-A_R,720575940615041064
597,JO-A_R,720575940639742627
598,JO-B_L1,720575940621077253
599,JO-B_L2,720575940627714310
600,JO-B_L3,720575940626274314
601,JO-B_L4,720575940616786315
602,JO-B_L5,720575940632037260
603,JO-B_L6,720575940620422413
604,JO-B_L7,720575940626741265
605,JO-B_L8,720575940631448338
606,JO-B_L9,720575940610674581
607,JO-B_L10,720575940642582039
608,JO-B_L11,720575940617066653
609,JO-B_L12,720575940617945246
610,JO-B_L13,720575940631750687
611,JO-B_L14,720575940642897312
612,JO-B_L15,720575940643912608
613,JO-B_L16,720575940617110306
614,JO-B_L17,720575940625866789
615,JO-B_L18,720575940623557158
616,JO-B_L19,720575940623562534
617,JO-B_L20,720575940623401128
618,JO-B_L21,720575940623290153
619,JO-B_L22,720575940631469098
620,JO-B_L23,720575940631470378
621,JO-B_L24,720575940623301417
622,JO-B_L25,720575940620575653
623,JO-B_L26,720575940630910971
624,JO-B_L27,720575940632288815
625,JO-B_L28,720575940625023024
626,JO-B_L29,720575940613924271
627,JO-B_L30,720575940640843316
628,JO-B_L31,720575940640836660
629,JO-B_L32,720575940640820788
630,JO-B_L33,720575940608875703
631,JO-B_L34,720575940608893623
632,JO-B_L35,720575940635732916
633,JO-B_L36,720575940608876471
634,JO-B_L37,720575940625910714
635,JO-B_L38,720575940624065724
636,JO-B_L39,720575940607947456
637,JO-B_L40,720575940607944384
638,JO-B_L41,720575940607948224
639,JO-B_L42,720575940607881152
640,JO-B_L43,720575940608524224
641,JO-B_L44,720575940630960325
642,JO-B_L45,720575940616413509
643,JO-B_L46,720575940624111177
644,JO-B_L47,720575940606850761
645,JO-B_L48,720575940632618700
646,JO-B_L49,720575940616080212
647,JO-B_L50,720575940617972052
648,JO-B_L51,720575940617457881
649,JO-B_L52,720575940612956378
650,JO-B_L53,720575940631399008
651,JO-B_L54,720575940628218976
652,JO-B_L55,720575940633301217
653,JO-B_L56,720575940626258532
654,JO-B_L57,720575940616859622
655,JO-B_L58,720575940623805159
656,JO-B_L59,720575940617724390
657,JO-B_L60,720575940612585577
658,JO-B_L61,720575940623490794
659,JO-B_L62,720575940623357675
660,JO-B_L63,720575940613469545
661,JO-B_L64,720575940630785388
662,JO-B_L65,720575940620031341
663,JO-B_L66,720575940636276336
664,JO-B_L67,720575940636425584
665,JO-B_L68,720575940638811507
666,JO-B_L69,720575940632252661
667,JO-B_L70,720575940616336245
668,JO-B_L71,720575940635278455
669,JO-B_L72,720575940610753656
670,JO-B_L73,720575940629860089
671,JO-B_L74,720575940630916347
672,JO-B_L75,720575940612647166
673,JO-B_R1,720575940631794513
674,JO-B_R2,720575940639405912
675,JO-B_R3,720575940630117879
676,JO-B_R4,720575940617517661
677,JO-B_R5,720575940639970392
678,JO-B_R6,720575940629105022
679,JO-B_R7,720575940628159081
680,JO-B_R8,720575940642414989
681,JO-B_R9,720575940629269630
682,JO-B_R10,720575940623745869
683,JO-B_R11,720575940612129962
684,JO-B_R12,720575940610079857
685,JO-B_R13,720575940608112137
686,JO-B_R14,720575940623146378
687,JO-B_R15,720575940623897096
688,JO-B_R16,720575940629492727
689,JO-B_R17,720575940621289537
690,JO-B_R18,720575940614795410
691,JO-B_R19,720575940611392986
692,JO-B_R20,720575940644057635
693,JO-B_R21,720575940619572762
694,JO-B_R22,720575940622978823
695,JO-B_R23,720575940615540841
696,JO-B_R24,720575940630269945
697,JO-B_R25,720575940622960422
698,JO-B_R26,720575940639049560
699,JO-B_R27,720575940622026757
700,JO-B_R28,720575940637630783
701,JO-B_R29,720575940620386981
702,JO-B_R30,720575940624755180
703,JO-B_R31,720575940630467804
704,JO-B_R32,720575940627437572
705,JO-B_R33,720575940630630225
706,JO-B_R34,720575940630660951
707,JO-B_R35,720575940612355763
708,JO-B_R36,720575940634830175
709,JO-B_R37,720575940629350394
710,JO-B_R38,720575940627442709
711,JO-B_R39,720575940604805036
712,JO-B_R40,720575940643791304
713,JO-B_R41,720575940607088514
714,JO-B_R42,720575940621823514
715,JO-B_R43,720575940639745085
716,JO-B_R44,720575940638980149
717,JO-B_R45,720575940637813220
718,JO-B_R46,720575940627352595
719,JO-B_R47,720575940622342569
720,JO-B_R48,720575940631699816
721,JO-B_R49,720575940639145550
722,JO-B_R50,720575940639397747
723,JO-B_R51,720575940606872777
724,JO-B_R52,720575940642123917
725,JO-B_R53,720575940619969227
726,JO-B_R54,720575940612446744
727,JO-B_R55,720575940645085975
728,JO-B_R56,720575940628786511
729,JO-B_R57,720575940606871497
730,JO-B_R58,720575940610621742
731,JO-B_R59,720575940634178656
732,JO-B_R60,720575940639826304
733,JO-B_R61,720575940619940811
734,JO-B_R62,720575940619941067
735,JO-B_R63,720575940621120353
736,JO-B_R64,720575940628543473
737,JO-B_R65,720575940610595118
738,JO-B_R66,720575940627839304
739,JO-B_R67,720575940630462940
740,JO-B_R68,720575940638191679
741,JO-B_R69,720575940605755424
742,JO-B_R70,720575940639803453
743,JO-B_R71,720575940629804414
744,JO-B_R72,720575940629806206
745,JO-B_R73,720575940616653429
746,JO-B_R74,720575940625888560
747,JO-B_R75,720575940635237727
748,JO-B_R76,720575940605219500
749,JO-B_R77,720575940620622785
750,JO-B_R78,720575940625972624
751,JO-B_R79,720575940614847906
752,JO-B_R80,720575940642442893
753,JO-B_R81,720575940616042508
754,JO-B_R82,720575940631461451
755,JO-B_R83,720575940605238188
756,JO-B_R84,720575940645086999
757,JO-B_R85,720575940645087511
758,JO-B_R86,720575940628467462
759,JO-B_R87,720575940645089559
760,JO-B_R88,720575940630925330
761,JO-B_R89,720575940627453778
762,JO-B_R90,720575940610739666
763,JO-B_R91,720575940630820347
764,JO-B_R92,720575940618856896
765,JO-B_R93,720575940620422938
766,JO-B_R94,720575940624594276
767,JO-B_R95,720575940636537663
768,JO-B_R96,720575940615222201
769,JO-B_R97,720575940643418990
770,JO-B_R98,720575940606619081
771,JO-B_R99,720575940624562618
772,JO-B_R100,720575940625049945
773,JO-B_R101,720575940626257736
774,JO-B_R102,720575940637919551
775,JO-B_R103,720575940622344216
776,JO-B_R104,720575940634892389
777,JO-B_R105,720575940626726021
778,JO-B_R106,720575940631915219
779,JO-B_R107,720575940626693894
780,JO-B_R108,720575940619447105
781,JO-B_R109,720575940627304963
782,JO-B_R110,720575940634781594
783,JO-B_R111,720575940621722111
784,JO-B_R112,720575940610341525
785,JO-B_R113,720575940640169947
786,JO-B_R114,720575940604274622
787,JO-B_R115,720575940620516846
788,JO-B_R116,720575940609816014
789,JO-B_R117,720575940613006590
790,JO-B_R118,720575940613776962
791,JO-B_R119,720575940613956767
792,JO-B_R120,720575940614205708
793,JO-B_R121,720575940615860061
794,JO-B_R122,720575940616428884
795,JO-B_R123,720575940610028868
796,JO-B_R124,720575940625624464
797,JO-B_L,720575940632466784
798,JO-B_R,720575940622297855
799,JO-B_L,720575940636990005
800,JO-B_L,720575940613934965
801,JO-B_L,720575940604531229
802,JO-B_L,720575940612409885
803,JO-B_R,720575940633524443
804,JO-B_R,720575940640817204
805,JO-B_R,720575940635345271
806,JO-B_L,720575940626885960
807,JO-B_L,720575940635973989
808,JO-B_L,720575940629275180
809,JO-B_L,720575940623474871
810,JO-B_R,720575940630816569
811,JO-B_L,720575940623292925
812,JO-B_L,720575940604054188
813,JO-B_R,720575940609289284
814,JO-B_L,720575940617541147
815,JO-B_L,720575940612418483
816,JO-B_R,720575940613783038
817,JO-B_R,720575940605209521
818,JO-B_L,720575940628910235
819,JO-B_R,720575940629253376
820,JO-B_R,720575940628315232
821,JO-B_L,720575940641396078
822,JO-B_L,720575940609934365
823,JO-B_L,720575940612407581
824,JO-B_L,720575940600433181
825,JO-B_R,720575940616612025
826,JO-B_L,720575940609527069
827,JO-B_R,720575940613622014
828,JO-B_R,720575940622946963
829,JO-B_L,720575940632692378
830,JO-B_L,720575940638636533
831,JO-B_L,720575940612235439
832,JO-B_L,720575940625587970
833,JO-B_L,720575940613127314
834,JO-B_L,720575940627249039
835,JO-B_L,720575940634229399
836,JO-B_L,720575940615387846
837,JO-B_L,720575940621513566
838,JO-B_L,720575940635217144
839,JO-B_L,720575940637612095
840,JO-B_L,720575940632129567
841,JO-B_L,720575940622552163
842,JO-B_L,720575940639649152
843,JO-B_L,720575940612419763
844,JO-B_L,720575940606938313
845,JO-B_L,720575940627927751
846,JO-B_L,720575940614805983
847,JO-B_L,720575940617244049
848,JO-B_L,720575940634775706
849,JO-B_L,720575940617407929
850,JO-B_L,720575940621508336
851,JO-B_L,720575940620257216
852,JO-B_R,720575940627985351
853,JO-B_R,720575940613696552
854,JO-B_R,720575940607827392
855,JO-B_R,720575940642108557
856,JO-B_L,720575940631670584
857,JO-B_L,720575940637919295
858,JO-B_R,720575940618847281
859,JO-B_L,720575940630461804
860,JO-B_R,720575940622593476
861,JO-B_R,720575940624067581
862,JO-B_R,720575940620458735
863,JO-B_R,720575940628698371
864,JO-B_R,720575940622857827
865,JO-B_R,720575940643888584
866,JO-B_R,720575940629989879
867,JO-B_R,720575940638556998
868,JO-B_R,720575940614644898
869,JO-B_R,720575940620822893
870,JO-B_L,720575940632229457
871,JO-B_R,720575940640130432
872,JO-B_R,720575940616793174
873,JO-B_R,720575940624116553
874,JO-B_R,720575940620661931
875,JO-B_R,720575940640841268
876,JO-B_R,720575940628957443
877,JO-B_R,720575940612029297
878,JO-B_R,720575940628896299
879,JO-B_R,720575940611000274
880,JO-B_R,720575940618953270
881,JO-B_R,720575940644635172
882,JO-B_R,720575940620587713
883,JO-B_R,720575940646362403
884,JO-B_R,720575940632315473
885,JO-B_R,720575940627778393
886,JO-B_R,720575940617845505
887,JO-B_R,720575940638081855
888,JO-B_R,720575940612615833
889,JO-B_R,720575940616096306
890,JO-B_R,720575940634257564
891,JO-B_R,720575940629766782
892,JO-B_R,720575940624510868
893,JO-B_R,720575940630207799
894,JO-B_R,720575940604988332
895,JO-B_R,720575940623529875
896,JO-B_R,720575940605622118
897,JO-B_R,720575940611154786
898,JO-B_R,720575940622998115
899,JO-B_R,720575940636488667
900,JO-B_R,720575940617938772
901,JO-B_R,720575940645539694
902,JO-B_R,720575940629505274
903,JO-B_R,720575940635078239
904,JO-B_R,720575940608483164
905,JO-B_R,720575940625565368
906,JO-B_R,720575940626286432
907,JO-B_R,720575940630161152
908,JO-CL_L,720575940613971485
909,JO-CM_L,720575940614035485
910,JO-CM_L,720575940630070343
911,JO-CM_L,720575940637632419
912,JO-CM_L,720575940607386307
913,JO-CA_L,720575940614427195
914,JO-CA_L,720575940629296185
915,JO-CL_L,720575940630319671
916,JO-CA_L,720575940629138959
917,JO-CL_L,720575940604753437
918,JO-CA_L,720575940602720940
919,JO-CA_L,720575940616501787
920,JO-C_R,720575940614803266
921,JO-CM_L,720575940618901424
922,JO-C_R,720575940634609115
923,JO-C_R,720575940607765259
924,JO-C_R,720575940630969051
925,JO-CL_L,720575940623399059
926,JO-CA_L,720575940625909962
927,JO-CM_L,720575940635058612
928,JO-CA_L,720575940608784579
929,JO-CM_L,720575940633443353
930,JO-CA_L,720575940629105658
931,JO-CA_L,720575940626241369
932,JO-CA_L,720575940636137591
933,JO-CA_L,720575940617156445
934,JO-CL_L,720575940627751567
935,JO-CL_L,720575940626135548
936,JO-CL_L,720575940614835362
937,JO-CL_L,720575940639082062
938,JO-CA_L,720575940636559534
939,JO-CA_L,720575940605800369
940,JO-CA_L,720575940626719101
941,JO-CA_L,720575940618135109
942,JO-CM_L,720575940634512992
943,JO-CA_L,720575940641372661
944,JO-CM_L,720575940625626000
945,JO-C_R,720575940631482666
946,JO-C_R,720575940646735668
947,JO-C_R,720575940623991881
948,JO-C_R,720575940614908822
949,JO-C_R,720575940624724211
950,JO-C_L,720575940625904016
951,JO-C_L,720575940639405683
952,JO-C_L,720575940637153648
953,JO-C_R,720575940605627424
954,JO-C_R,720575940632297007
955,JO-C_L,720575940621887732
956,JO-C_L,720575940635285599
957,JO-C_L,720575940612217818
958,JO-C_L,720575940632717988
959,JO-C_L,720575940623083288
960,JO-D_L,720575940606012081
961,JO-DA_L,720575940629141775
962,JO-DP_L,720575940627042170
963,JO-DP_L,720575940652566177
964,JO-DP_L,720575940626557995
965,JO-DP_L,720575940622892988
966,JO-DA_L,720575940635545310
967,JO-D_R,720575940630910203
968,JO-DP_L,720575940619085397
969,JO-D_R,720575940628111875
970,JO-D_R,720575940614316650
971,JO-D_R,720575940621314593
972,JO-D_R,720575940631412832
973,JO-D_R,720575940615225055
974,JO-DP_L,720575940625919434
975,JO-DP_L,720575940635777016
976,JO-DP_L,720575940641783437
977,JO-DA_L,720575940619742288
978,JO-DA_L,720575940636079991
979,JO-DA_L,720575940624666044
980,JO-DA_L,720575940626748446
981,JO-DA_L,720575940635067034
982,JO-DP_L,720575940628574723
983,JO-DP_L,720575940615700934
984,JO-DP_L,720575940636016239
985,JO-DA_L,720575940614856042
986,JO-DP_L,720575940624807352
987,JO-DA_L,720575940605213100
988,JO-DA_L,720575940641395163
989,JO-D_R,720575940614000947
990,JO-D_R,720575940614004019
991,JO-D_R,720575940622518749
992,JO-D_R,720575940615860748
993,JO-D_R,720575940611223906
994,JO-D_R,720575940630054656
995,JO-D_R,720575940622082729
996,JO-DA_L,720575940622329212
997,JO-D_R,720575940627371322
998,JO-D_R,720575940631003077
999,JO-D_R,720575940615469634
1000,JO-D_R,720575940636656014
1001,JO-D_R,720575940624913596
1002,JO-D_R,720575940633278675
1003,JO-D_R,720575940632226641
1004,JO-D_R,720575940619128955
1005,JO-D_R,720575940623503401
1006,JO-D_R,720575940626784899
1007,JO-D_R,720575940645629038
1008,JO-D_R,720575940629544442
1009,JO-D_R,720575940634703456
1010,JO-DA_L,720575940627103518
1011,JO-EDM_L,720575940609541917
1012,JO-EVP_L,720575940620444654
1013,JO-EV_L,720575940607140035
1014,JO-EVL_L,720575940633153375
1015,JO-EDP_L,720575940628444667
1016,JO-EDC_L,720575940626565455
1017,JO-EDC_L,720575940627941431
1018,JO-EDC_L,720575940624799290
1019,JO-EDM_L,720575940625962568
1020,JO-EDM_L,720575940611061526
1021,JO-EDM_L,720575940627109991
1022,JO-EDM_L,720575940629650997
1023,JO-EDP_L,720575940634634606
1024,JO-EDM_L,720575940629055721
1025,JO-EV_L,720575940626042149
1026,JO-EVL_L,720575940629022149
1027,JO-EVL_L,720575940615848788
1028,JO-EVM_L,720575940614351477
1029,JO-EVP_L,720575940624915230
1030,JO-EVP_L,720575940615986459
1031,JO-EVP_L,720575940621442224
1032,JO-EVM_L,720575940622449388
1033,JO-EVM_L,720575940630059847
1034,JO-EVM_L,720575940611783464
1035,JO-EVM_L,720575940621729757
1036,JO-EVM_L,720575940632767383
1037,JO-EVM_L,720575940602506208
1038,JO-EVM_L,720575940602132509
1039,JO-EV_L,720575940630080071
1040,JO-EVL_L,720575940621625597
1041,JO-EDM_L,720575940638664437
1042,JO-EDM_L,720575940618941037
1043,JO-EDM_L,720575940623312828
1044,JO-EDC_L,720575940622937528
1045,JO-EVL_L,720575940627049731
1046,JO-EVM_L,720575940624981436
1047,JO-EDP_L,720575940616589878
1048,JO-EDP_L,720575940640753267
1049,JO-EDM_L,720575940626309438
1050,JO-EDP_L,720575940615469785
1051,JO-EDM_L,720575940628903247
1052,JO-EVM_L,720575940625605905
1053,JO-EVL_L,720575940615573597
1054,JO-EDC_L,720575940606154370
1055,JO-EDC_L,720575940620543110
1056,JO-EDM_L,720575940604122982
1057,JO-EDM_L,720575940609486690
1058,JO-EVL_L,720575940637410869
1059,JO-EVM_L,720575940628192055
1060,JO-EVP_L,720575940612773374
1061,JO-EDM_L,720575940627282279
1062,JO-E_R,720575940611000499
1063,JO-E_R,720575940629706496
1064,JO-E_R,720575940615957563
1065,JO-E_R,720575940629534458
1066,JO-E_R,720575940639166080
1067,JO-EDM_L,720575940618599872
1068,JO-E_R,720575940618927024
1069,JO-E_R,720575940608658205
1070,JO-E_R,720575940635136880
1071,JO-EDM_L,720575940619729835
1072,JO-EVL_L,720575940638681845
1073,JO-EVL_L,720575940630122015
1074,JO-EVM_L,720575940614188149
1075,JO-EVM_L,720575940615809349
1076,JO-EVL_L,720575940630564179
1077,JO-EV_L,720575940620410177
1078,JO-EVM_L,720575940645466500
1079,JO-EV_L,720575940622344170
1080,JO-EV_L,720575940620382889
1081,JO-EDC_L,720575940641921421
1082,JO-EDM_L,720575940637054835
1083,JO-EDM_L,720575940614060829
1084,JO-EDM_L,720575940625797617
1085,JO-EDM_L,720575940618684481
1086,JO-EDM_L,720575940610018266
1087,JO-EDM_L,720575940628101126
1088,JO-EDP_L,720575940609522461
1089,JO-EVM_L,720575940612960552
1090,JO-EDM_L,720575940630992557
1091,JO-EDM_L,720575940622271684
1092,JO-EVL_L,720575940626540821
1093,JO-EDP_L,720575940619479979
1094,JO-E_R,720575940626169481
1095,JO-E_R,720575940625293084
1096,JO-E_R,720575940637022298
1097,JO-E_R,720575940637445183
1098,JO-E_R,720575940626748232
1099,JO-EDM_L,720575940620919578
1100,JO-E_R,720575940632475859
1101,JO-EVP_L,720575940627314088
1102,JO-EVP_L,720575940625559358
1103,JO-EDM_L,720575940637084762
1104,JO-E_R,720575940621639133
1105,JO-EVP_L,720575940618467195
1106,JO-EDP_L,720575940621218985
1107,JO-E_R,720575940638332494
1108,JO-E_R,720575940636498907
1109,JO-E_R,720575940634186091
1110,JO-E_R,720575940620791028
1111,JO-E_R,720575940623334891
1112,JO-E_R,720575940633810111
1113,JO-EVL_L,720575940630544967
1114,JO-E_R,720575940631694069
1115,JO-E_R,720575940619991232
1116,JO-EVM_L,720575940637012196
1117,JO-E_R,720575940628306784
1118,JO-E_R,720575940631044059
1119,JO-E_R,720575940634714075
1120,JO-E_R,720575940618646744
1121,JO-E_R,720575940616345049
1122,JO-E_R,720575940618051485
1123,JO-E_R,720575940613142191
1124,JO-EDM_L,720575940619932654
1125,JO-E_R,720575940631367264
1126,JO-E_R,720575940607651083
1127,JO-E_R,720575940626753809
1128,JO-E_R,720575940631367776
1129,JO-E_R,720575940626606211
1130,JO-E_R,720575940626524805
1131,JO-E_R,720575940624137656
1132,JO-EVM_L,720575940617212134
1133,JO-E_R,720575940632154285
1134,JO-EVL_L,720575940630202624
1135,JO-EDP_L,720575940610261346
1136,JO-E_R,720575940627542769
1137,JO-E_R,720575940628349446
1138,JO-EDM_L,720575940616040587
1139,JO-EDM_L,720575940626666066
1140,JO-EDM_L,720575940621218729
1141,JO-EVL_L,720575940633553820
1142,JO-EVM_L,720575940632175268
1143,JO-EVL_L,720575940621033477
1144,JO-EVL_L,720575940622234211
1145,JO-EVL_L,720575940619083349
1146,JO-E_R,720575940645483555
1147,JO-E_R,720575940604976318
1148,JO-E_R,720575940651360246
1149,JO-EVL_L,720575940622283912
1150,JO-E_R,720575940613153320
1151,JO-E_R,720575940631412576
1152,JO-EVP_L,720575940631866508
1153,JO-EVL_L,720575940621397417
1154,JO-E_R,720575940621981464
1155,JO-E_R,720575940620055617
1156,JO-E_R,720575940611197107
1157,JO-E_R,720575940617504027
1158,JO-EVM_L,720575940621010352
1159,JO-EVP_L,720575940633058989
1160,JO-EVL_L,720575940629743063
1161,JO-EDM_L,720575940611273395
1162,JO-E_R,720575940622099405
1163,JO-E_R,720575940619694040
1164,JO-E_R,720575940613309359
1165,JO-E_R,720575940616631001
1166,JO-EDM_L,720575940622638276
1167,JO-E_R,720575940620114196
1168,JO-E_R,720575940635345519
1169,JO-E_R,720575940638431029
1170,JO-E_R,720575940631314316
1171,JO-E_R,720575940618293406
1172,JO-E_R,720575940625489764
1173,JO-E_R,720575940628495447
1174,JO-E_R,720575940631370336
1175,JO-E_R,720575940618861873
1176,JO-E_R,720575940605929161
1177,JO-E_R,720575940638064100
1178,JO-E_R,720575940629531095
1179,JO-E_R,720575940617245908
1180,JO-E_R,720575940621244510
1181,JO-E_R,720575940630174268
1182,JO-EVP_L,720575940613221928
1183,JO-EVM_L,720575940634891700
1184,JO-E_R,720575940616793300
1185,JO-E_R,720575940624157769
1186,JO-E_R,720575940622683174
1187,JO-E_R,720575940615276661
1188,JO-EVM_L,720575940623437547
1189,JO-E_R,720575940635672677
1190,JO-E_R,720575940634640091
1191,JO-EVM_L,720575940617434086
1192,JO-E_R,720575940635959919
1193,JO-E_R,720575940609065173
1194,JO-E_R,720575940639041443
1195,JO-E_R,720575940623300137
1196,JO-E_R,720575940630715899
1197,JO-EVP_L,720575940607853833
1198,JO-E_R,720575940638546229
1199,JO-EVM_L,720575940639339392
1200,JO-EDM_L,720575940619663239
1201,JO-E_R,720575940611029858
1202,JO-E_R,720575940626270236
1203,JO-E_R,720575940623928812
1204,JO-E_R,720575940613428945
1205,JO-EVL_L,720575940628258715
1206,JO-EVP_L,720575940622199977
1207,JO-E_R,720575940608369026
1208,JO-E_R,720575940619235920
1209,JO-E_R,720575940606912386
1210,JO-E_R,720575940636290935
1211,JO-E_R,720575940626543768
1212,JO-E_R,720575940627925865
1213,JO-EVL_L,720575940622635817
1214,JO-EVM_L,720575940634073183
1215,JO-EDC_L,720575940627977457
1216,JO-E_R,720575940640952027
1217,JO-EVM_L,720575940612307478
1218,JO-EVM_L,720575940659426177
1219,JO-EDC_L,720575940608884931
1220,JO-E_R,720575940616162235
1221,JO-EDM_L,720575940628978450
1222,JO-E_R,720575940630094325
1223,JO-E_R,720575940634599643
1224,JO-E_R,720575940631326751
1225,JO-E_R,720575940631368544
1226,JO-E_R,720575940605997233
1227,JO-E_R,720575940604879025
1228,JO-EVM_L,720575940620940276
1229,JO-E_R,720575940618896624
1230,JO-EDP_L,720575940616951124
1231,JO-E_R,720575940631957344
1232,JO-E_R,720575940631367520
1233,JO-E_R,720575940616479121
1234,JO-E_R,720575940630650130
1235,JO-EDP_L,720575940613641915
1236,JO-E_R,720575940622281352
1237,JO-E_R,720575940628908670
1238,JO-EVM_L,720575940618130334
1239,JO-E_R,720575940628210272
1240,JO-EDP_L,720575940650244342
1241,JO-E_R,720575940636395866
1242,JO-E_R,720575940634605531
1243,JO-EVL_L,720575940644036644
1244,JO-E_R,720575940615926982
1245,JO-E_R,720575940622202858
1246,JO-E_R,720575940638243645
1247,JO-E_R,720575940621431247
1248,JO-EDM_L,720575940611684787
1249,JO-E_R,720575940613803293
1250,JO-E_R,720575940631191367
1251,JO-EDC_L,720575940628160617
1252,JO-E_R,720575940636410869
1253,JO-E_R,720575940635290231
1254,JO-EVM_L,720575940610759634
1255,JO-E_R,720575940630964187
1256,JO-EVP_L,720575940636335735
1257,JO-E_R,720575940628355846
1258,JO-E_R,720575940610702968
1259,JO-E_R,720575940619235486
1260,JO-EVP_L,720575940611088563
1261,JO-EDM_L,720575940659131009
1262,JO-E_R,720575940616190651
1263,JO-E_R,720575940624115785
1264,JO-E_R,720575940616642363
1265,JO-E_R,720575940623001736
1266,JO-E_R,720575940631406944
1267,JO-EVP_L,720575940627104649
1268,JO-EDM_L,720575940629985900
1269,JO-EV_L,720575940634820703
1270,JO-EV_L,720575940632307527
1271,JO-EVM_L,720575940627585688
1272,JO-EVM_L,720575940626795909
1273,JO-EVP_L,720575940617811013
1274,JO-EVM_L,720575940624546062
1275,JO-EV_L,720575940632128031
1276,JO-EVP_L,720575940615024543
1277,JO-EV_L,720575940615590843
1278,JO-EV_L,720575940621870618
1279,JO-E_R,720575940624664468
1280,JO-EVM_L,720575940621092534
1281,JO-EV_L,720575940632449619
1282,JO-EV_L,720575940605530302
1283,JO-EV_L,720575940634020508
1284,JO-EV_L,720575940630834683
1285,JO-EDM_L,720575940646929204
1286,JO-EDC_L,720575940629188251
1287,JO-EVL_L,720575940621815690
1288,JO-EV_L,720575940608742409
1289,JO-EV_L,720575940645106376
1290,JO-EVM_L,720575940639296189
1291,JO-EVM_L,720575940624686268
1292,JO-EVM_L,720575940620249734
1293,JO-EVM_L,720575940619341105
1294,JO-EVM_L,720575940622419165
1295,JO-EDM_L,720575940615972027
1296,JO-EDC_L,720575940616655989
1297,JO-EVM_L,720575940615976891
1298,JO-EV_L,720575940619869120
1299,JO-EV_L,720575940620257345
1300,JO-EVM_L,720575940623108134
1301,JO-EV_L,720575940620320193
1302,JO-EV_L,720575940615272415
1303,JO-E_R,720575940619218078
1304,JO-EVL_L,720575940621776410
1305,JO-EDC_L,720575940605919334
1306,JO-E_R,720575940634181984
1307,JO-E_R,720575940619518667
1308,JO-EVL_L,720575940626148354
1309,JO-EVM_L,720575940624501747
1310,JO-EV_L,720575940623298559
1311,JO-EVM_L,720575940630020111
1312,JO-EVM_L,720575940625054647
1313,JO-EDM_L,720575940646927668
1314,JO-E_R,720575940630458732
1315,JO-EV_L,720575940627379333
1316,JO-E_R,720575940615239746
1317,JO-E_R,720575940634419040
1318,JO-E_R,720575940628828688
1319,JO-E_R,720575940639699059
1320,JO-E_R,720575940631997580
1321,JO-E_R,720575940621136816
1322,JO-E_R,720575940631100690
1323,JO-E_R,720575940628915279
1324,JO-E_R,720575940633555425
1325,JO-E_R,720575940622432726
1326,JO-E_R,720575940615090582
1327,JO-E_R,720575940626881625
1328,JO-E_R,720575940642309261
1329,JO-E_R,720575940619930965
1330,JO-E_R,720575940609832772
1331,JO-EVM_L,720575940637243504
1332,JO-E_R,720575940639161909
1333,JO-E_R,720575940639648573
1334,JO-E_R,720575940608862677
1335,JO-E_R,720575940623291945
1336,JO-E_R,720575940611986545
1337,JO-E_R,720575940614656162
1338,JO-E_R,720575940613521389
1339,JO-E_R,720575940619557937
1340,JO-E_R,720575940608986069
1341,JO-E_R,720575940605860710
1342,JO-E_R,720575940612279731
1343,JO-E_L,720575940620293652
1344,JO-E_R,720575940636332663
1345,JO-E_R,720575940612136666
1346,JO-E_R,720575940612341490
1347,JO-E_R,720575940635579128
1348,JO-E_R,720575940612286899
1349,JO-E_R,720575940612679594
1350,JO-E_R,720575940620537734
1351,JO-E_R,720575940640651325
1352,JO-E_R,720575940639233333
1353,JO-E_R,720575940620538246
1354,JO-E_R,720575940639741347
1355,JO-E_R,720575940632188497
1356,JO-E_R,720575940619912021
1357,JO-E_R,720575940635028634
1358,JO-E_R,720575940623325993
1359,JO-E_R,720575940615301599
1360,JO-E_R,720575940636768613
1361,JO-E_R,720575940621032513
1362,JO-E_R,720575940618898230
1363,JO-E_R,720575940622163020
1364,JO-E_L,720575940621172545
1365,JO-E_R,720575940620087888
1366,JO-E_R,720575940623412360
1367,JO-E_R,720575940633738209
1368,JO-E_R,720575940616545110
1369,JO-E_L,720575940616661109
1370,JO-E_L,720575940641656283
1371,JO-E_L,720575940639298237
1372,JO-E_R,720575940609221845
1373,JO-E_R,720575940623406984
1374,JO-E_R,720575940621590132
1375,JO-E_R,720575940629114959
1376,JO-E_R,720575940614109615
1377,JO-E_R,720575940620661675
1378,JO-E_R,720575940640748195
1379,JO-E_R,720575940628162300
1380,JO-E_R,720575940612841330
1381,JO-FVA_L,720575940606415317
1382,JO-FVA_L,720575940612988575
1383,JO-FVA_L,720575940625561348
1384,JO-FVA_L,720575940618055003
1385,JO-FVA_L,720575940617815687
1386,JO-FVA_L,720575940610121625
1387,JO-FVA_L,720575940636785205
1388,JO-FVA_L,720575940625095813
1389,JO-FVA_L,720575940615285393
1390,JO-FVA_L,720575940628091910
1391,JO-FVL_L,720575940622482445
1392,JO-FVA_L,720575940615458594
1393,JO-FDA_L,720575940621595399
1394,JO-FDA_L,720575940627272747
1395,JO-FVA_L,720575940610146713
1396,JO-FVA_L,720575940615862322
1397,JO-FVA_L,720575940612763242
1398,JO-FVA_L,720575940629347626
1399,JO-FDA_L,720575940613992565
1400,JO-FDA_L,720575940620119005
1401,JO-FDA_L,720575940628100614
1402,JO-FDA_L,720575940625087546
1403,JO-FVA_L,720575940625763015
1404,JO-FVA_L,720575940616613022
1405,JO-FVA_L,720575940606222428
1406,JO-FVA_L,720575940610753503
1407,JO-FVA_L,720575940628935564
1408,JO-FVL_L,720575940606800341
1409,JO-FVA_L,720575940627704375
1410,JO-FDA_L,720575940606431189
1411,JO-FDP_L,720575940622217992
1412,JO-FVA_L,720575940606239243
1413,JO-FDA_L,720575940629719404
1414,JO-FVA_L,720575940625915338
1415,JO-FDA_L,720575940622179497
1416,JO-FVA_L,720575940624308355
1417,JO-FVA_L,720575940617273560
1418,JO-FVA_L,720575940629199402
1419,JO-FVA_L,720575940638529525
1420,JO-FVA_L,720575940614929245
1421,JO-FVA_L,720575940625733960
1422,JO-FDA_L,720575940621521917
1423,JO-FDA_L,720575940609543197
1424,JO-FVA_L,720575940642352117
1425,JO-FVA_L,720575940629386819
1426,JO-FVA_L,720575940617524053
1427,JO-FVA_L,720575940621532413
1428,JO-FVA_L,720575940624224408
1429,JO-FDA_L,720575940627523584
1430,JO-FVA_L,720575940613012959
1431,JO-FDP_L,720575940618888368
1432,JO-FVA_L,720575940623791152
1433,JO-FDA_L,720575940608297774
1434,JO-FVA_L,720575940626956777
1435,JO-FVA_L,720575940615473186
1436,JO-FVA_L,720575940627868471
1437,JO-FVA_L,720575940619047028
1438,JO-FDA_L,720575940629502009
1439,JO-FVL_L,720575940604973746
1440,JO-FDP_L,720575940625703434
1441,JO-FVA_L,720575940610008217
1442,JO-FVA_L,720575940613105311
1443,JO-FDA_L,720575940642517284
1444,JO-FVA_L,720575940614026269
1445,JO-FVA_L,720575940622222856
1446,JO-FDA_L,720575940604299454
1447,JO-FVA_L,720575940606657493
1448,JO-FVA_L,720575940637366335
1449,JO-FDA_L,720575940626375785
1450,JO-FDA_L,720575940634923621
1451,JO-FDP_L,720575940609530653
1452,JO-FDA_L,720575940640591861
1453,JO-FVA_L,720575940625571240
1454,JO-FDP_L,720575940635968745
1455,JO-FDA_L,720575940628649465
1456,JO-FDP_L,720575940625885512
1457,JO-F_R,720575940627099006
1458,JO-FDL_L,720575940630098084
1459,JO-FDL_L,720575940647493241
1460,JO-FDL_L,720575940629267498
1461,JO-FVA_L,720575940630667587
1462,JO-F_R,720575940638312270
1463,JO-F_R,720575940624903757
1464,JO-F_R,720575940610213785
1465,JO-F_R,720575940615455230
1466,JO-F_R,720575940631970144
1467,JO-F_R,720575940622378281
1468,JO-F_R,720575940625070067
1469,JO-F_R,720575940615096495
1470,JO-F_R,720575940637128538
1471,JO-F_R,720575940634104159
1472,JO-FVA_L,720575940617074004
1473,JO-F_R,720575940620113799
1474,JO-F_R,720575940638107445
1475,JO-F_R,720575940604901310
1476,JO-FVA_L,720575940614715295
1477,JO-FDA_L,720575940634249567
1478,JO-F_R,720575940627372184
1479,JO-F_R,720575940630530263
1480,JO-F_R,720575940625003964
1481,JO-F_R,720575940630425285
1482,JO-F_R,720575940643000480
1483,JO-FVA_L,720575940639410035
1484,JO-F_R,720575940621005677
1485,JO-F_R,720575940628941762
1486,JO-F_R,720575940630472727
1487,JO-FVA_L,720575940627883087
1488,JO-F_R,720575940617967188
1489,JO-F_R,720575940624595961
1490,JO-F_R,720575940639090395
1491,JO-FDL_L,720575940627580136
1492,JO-F_R,720575940634612843
1493,JO-F_R,720575940633957271
1494,JO-F_R,720575940621051501
1495,JO-FVL_L,720575940631170346
1496,JO-F_R,720575940622927242
1497,JO-F_R,720575940611939314
1498,JO-F_R,720575940636075119
1499,JO-F_R,720575940629302016
1500,JO-FVA_L,720575940621097398
1501,JO-FVA_L,720575940631277354
1502,JO-F_L,720575940629014119
1503,JO-F_L,720575940614326946
1504,JO-FVA_L,720575940623077389
1505,JO-FVA_L,720575940633364179
1506,JO-FVA_L,720575940606611401
1507,JO-F_L,720575940617654818
1508,JO-FVA_L,720575940626873240
1509,JO-F_R,720575940631108492
1510,JO-F_R,720575940633293538
1511,JO-F_R,720575940613036914
1512,JO-F_R,720575940613331693
1513,JO-F_R,720575940617212929
1514,JO-F_R,720575940619210968
1515,JO-F_R,720575940605691424
1516,JO-F_L,720575940604810668
1517,JO-F_R,720575940634837343
1518,JO-FDA_L,720575940628359017
1519,JO-F_R,720575940625627024
1520,JO-F_R,720575940646704692
1521,JO-F_R,720575940628873295
1522,JO-F_R,720575940621563892
1523,JO-F_R,720575940607452594
1524,JO-F_R,720575940623360394
1525,JO-F_R,720575940614529186
1526,JO-F_R,720575940608491019
1527,JO-F_R,720575940621593972
1528,JO-F_R,720575940612375525
1529,JO-F_R,720575940624123645
1530,JO-F_R,720575940626983293
1531,JO-F_R,720575940623222271
1532,JO-F_R,720575940624761075
1533,JO-F_R,720575940632170065
1534,JO-F_R,720575940624334827
1535,JO-F_R,720575940623979959
1536,JO-F_R,720575940638142953
1537,JO-F_R,720575940638144233
1538,JO-F_R,720575940621020257
1539,JO-F_R,720575940630625132
1540,JO-F_R,720575940611057506
1541,JO-F_R,720575940612567449
1542,JO-F_R,720575940633626082
1543,JO-F_R,720575940624846835
1544,JO-F_R,720575940635159659
1545,JO-F_R,720575940623151565
1546,JO-F_R,720575940622171169
1547,JO-F_R,720575940632683212
1548,JO-F_R,720575940615230175
1549,JO-F_R,720575940625929765
1550,JO-F_R,720575940608399452
1551,JO-F_R,720575940629032015
1552,JO-F_R,720575940617241659
1553,JO-F_R,720575940636475511
1554,JO-F_R,720575940625966350
1555,JO-F_R,720575940619697624
1556,JO-F_R,720575940618003284
1557,JO-F_R,720575940647034420
1558,JO-F_R,720575940611121362
1559,JO-F_R,720575940619416881
1560,JO-F_L,720575940623543236
1561,JO-F_R,720575940626606594
1562,JO-F_R,720575940626570648
1563,JO-F_R,720575940617145300
1564,JO-F_R,720575940607544329
1565,JO-F_R,720575940626149578
1566,JO-F_R,720575940634683488
1567,JO-F_R,720575940614684834
1568,JO-F_R,720575940628539335
1569,JO-F_R,720575940631769845
1570,JO-F_R,720575940647404932
1571,JO-F_R,720575940644611016
1572,JO-F_R,720575940625912250
1573,JO-mz_L,720575940616064546
1574,JO-mz_L,720575940639904475
1575,JO-mz_L,720575940631098338
1576,JO-mz_L,720575940628978409
1577,JO-mz_L,720575940600646173
1578,JO-mz_L,720575940632615379
1579,JO-mz_L,720575940639360245
1580,JO-mz_R,720575940617807227
1581,JO-mz_R,720575940618603179
1582,JO-mz_R,720575940613425459
1583,JO-mz_R,720575940633378411
1584,JO-mz_R,720575940620658310
1585,JO-mz_L,720575940627350504
1586,JO-mz_R,720575940614831558
1587,JO-mz_R,720575940626673490
1588,JO-mz_L,720575940640719861
1589,JO-mz_L,720575940618633782
1590,JO-mz_L,720575940645728803
1591,JO-mz_R,720575940628379471
1592,JO-mz_R,720575940637039962
1593,JO-mz_R,720575940612478181
1594,JO-mz_L,720575940620276144
1595,JO-mz_R,720575940614830604
1596,JO-mz_L,720575940610711416
1597,JO-mz_L,720575940630832635
1598,JO-mz_L,720575940627493096
1599,JO-mz_L,720575940630834171
1600,JO-mz_L,720575940622811903
1601,JO-mz_L,720575940646062115
1602,JO-mz_L,720575940620740078
1603,JO-mz_L,720575940633287394
1604,JO-mz_L,720575940612684402
1605,JO-mz_L,720575940614280359
1606,JO-mz_L,720575940639290045
1607,JO-mz_R,720575940627372602
1608,JO-mz_R,720575940609003733
1609,JO-mz_R,720575940617795814
1610,JO-mz_R,720575940630324284
