,old_id,new_id,confidence,changed
0,720575940626730883,720575940626730883,1.0,False
1,720575940646952324,720575940640325429,0.98,True
2,720575940620918789,720575940620918789,1.0,False
3,720575940621157645,720575940621157645,1.0,False
4,720575940631319311,720575940631319311,1.0,False
5,720575940620300308,720575940620300308,1.0,False
6,720575940615043222,720575940615043222,1.0,False
7,720575940623019544,720575940623019544,1.0,False
8,720575940612603289,720575940612603289,1.0,False
9,720575940621519130,720575940621519130,1.0,False
10,720575940620380449,720575940620380449,1.0,False
11,720575940614730914,720575940614730914,1.0,False
12,720575940620711334,720575940620711334,1.0,False
13,720575940629327659,720575940629327659,1.0,False
14,720575940630135084,720575940630135084,1.0,False
15,720575940610069550,720575940610069550,1.0,False
16,720575940609488942,720575940609488942,1.0,False
17,720575940625826096,720575940615251251,1.0,True
18,720575940635552948,720575940635552948,1.0,False
19,720575940647228468,720575940647228468,1.0,False
20,720575940617947702,720575940617947702,1.0,False
21,720575940630868281,720575940630868281,1.0,False
22,720575940625447994,720575940625447994,1.0,False
23,720575940620440129,720575940628805448,1.0,True
24,720575940629511491,720575940623153788,1.0,True
25,720575940631498563,720575940631498563,1.0,False
26,720575940637803334,720575940634140883,0.99,True
27,720575940625502666,720575940625502666,1.0,False
28,720575940630085583,720575940630085583,1.0,False
29,720575940633170899,720575940610439363,1.0,True
30,720575940609097429,720575940609097429,1.0,False
31,720575940615808342,720575940615808342,1.0,False
32,720575940637607646,720575940637607646,1.0,False
33,720575940638204132,720575940638204132,1.0,False
34,720575940624874983,720575940624874983,1.0,False
35,720575940627432680,720575940627432680,1.0,False
36,720575940628577897,720575940628577897,1.0,False
37,720575940614403178,720575940614403178,1.0,False
38,720575940623860202,720575940627787609,1.0,True
39,720575940612364530,720575940640978048,1.0,True
40,720575940629777018,720575940629777018,1.0,False
41,720575940615659521,720575940615659521,1.0,False
42,720575940617936897,720575940626901136,1.0,True
43,720575940607971337,720575940607971337,1.0,False
44,720575940608716809,720575940608716809,1.0,False
45,720575940608188427,720575940608188427,1.0,False
46,720575940628209680,720575940642545883,1.0,True
47,720575940626665489,720575940626665489,1.0,False
48,720575940646764579,720575940646764579,1.0,False
49,720575940644659236,720575940644659236,1.0,False
50,720575940621586473,720575940621586473,1.0,False
51,720575940629438508,720575940629438508,1.0,False
52,720575940631609391,720575940631609391,1.0,False
53,720575940612014131,720575940612014131,1.0,False
54,720575940613099571,720575940640140733,1.0,True
55,720575940632043576,720575940632043576,1.0,False
56,720575940631662648,720575940631662648,1.0,False
57,720575940616548416,720575940616548416,1.0,False
58,720575940615082050,720575940608145026,1.0,True
59,720575940630839371,720575940630839371,1.0,False
60,720575940621946956,720575940621121159,0.98,True
61,720575940617904208,720575940617904208,1.0,False
62,720575940617990228,720575940617990228,1.0,False
63,720575940637966424,720575940637966424,1.0,False
64,720575940636606554,720575940636606554,1.0,False
65,720575940621021278,720575940621021278,1.0,False
66,720575940618870881,720575940618870881,1.0,False
67,720575940610236514,720575940610236514,1.0,False
68,720575940622540899,720575940622540899,1.0,False
69,720575940630290536,720575940630290536,1.0,False
70,720575940642926702,720575940642926702,1.0,False
71,720575940636610671,720575940636610671,1.0,False
72,720575940645556334,720575940645556334,1.0,False
73,720575940637667443,720575940637667443,1.0,False
74,720575940628467830,720575940628467830,1.0,False
75,720575940628398202,720575940628398202,1.0,False
76,720575940659703937,720575940659703937,1.0,False
77,720575940660269185,720575940660269185,1.0,False
78,720575940645032068,720575940645032068,1.0,False
79,720575940621181066,720575940621181066,1.0,False
80,720575940622594186,720575940622594186,1.0,False
81,720575940617052305,720575940645693476,0.98,True
82,720575940616396945,720575940620632369,1.0,True
83,720575940623556755,720575940623556755,1.0,False
84,720575940622925972,720575940622925972,1.0,False
85,720575940626919579,720575940626919579,1.0,False
86,720575940618666142,720575940618666142,1.0,False
87,720575940655587489,720575940655587489,1.0,False
88,720575940639170723,720575940639170723,1.0,False
89,720575940620714150,720575940620714150,1.0,False
90,720575940614660263,720575940614660263,1.0,False
91,720575940620054694,720575940620054694,1.0,False
92,720575940632412333,720575940632412333,1.0,False
93,720575940630712493,720575940630712493,1.0,False
94,720575940613316783,720575940627921182,0.98,True
95,720575940631498925,720575940631498925,1.0,False
96,720575940612698287,720575940612698287,1.0,False
97,720575940622037173,720575940631973207,1.0,True
98,720575940625006776,720575940625006776,1.0,False
99,720575940626596026,720575940635838143,1.0,True
100,720575940615495867,720575940615495867,1.0,False
101,720575940624986300,720575940624986300,1.0,False
102,720575940637896893,720575940637896893,1.0,False
103,720575940634599615,720575940634599615,1.0,False
104,720575940609589443,720575940609589443,1.0,False
105,720575940621304004,720575940621304004,1.0,False
106,720575940607037635,720575940607037635,1.0,False
107,720575940630106309,720575940630106309,1.0,False
108,720575940642369736,720575940642369736,1.0,False
109,720575940618277067,720575940625065653,0.91,True
110,720575940632178892,720575940632178892,1.0,False
111,720575940611985614,720575940629413962,1.0,True
112,720575940610863310,720575940610863310,1.0,False
113,720575940628582607,720575940628582607,1.0,False
114,720575940622565590,720575940622565590,1.0,False
115,720575940612206810,720575940612206810,1.0,False
116,720575940633293025,720575940633293025,1.0,False
117,720575940610199781,720575940610199781,1.0,False
118,720575940624699628,720575940615030568,0.99,True
119,720575940613558509,720575940613558509,1.0,False
120,720575940618440943,720575940618440943,1.0,False
121,720575940641480949,720575940641480949,1.0,False
122,720575940612804862,720575940612804862,1.0,False
123,720575940621103359,720575940625295339,1.0,True
124,720575940628971779,720575940628971779,1.0,False
125,720575940625314058,720575940625314058,1.0,False
126,720575940631122191,720575940631122191,1.0,False
127,720575940620841236,720575940615092019,1.0,True
128,720575940627087646,720575940627087646,1.0,False
129,720575940627050782,720575940633178508,0.94,True
130,720575940622147873,720575940622147873,1.0,False
131,720575940627542316,720575940627542316,1.0,False
132,720575940639314229,720575940639314229,1.0,False
133,720575940617290043,720575940617290043,1.0,False
134,720575940626813246,720575940625306603,1.0,True
135,720575940638196038,720575940628881576,0.99,True
136,720575940638175558,720575940638175558,1.0,False
137,720575940627210568,720575940627210568,1.0,False
138,720575940622500172,720575940622500172,1.0,False
139,720575940629025103,720575940626092302,0.97,True
140,720575940615504214,720575940619116061,0.99,True
141,720575940626399588,720575940626399588,1.0,False
142,720575940633727339,720575940633727339,1.0,False
143,720575940635115887,720575940623274966,1.0,True
144,720575940630671734,720575940630671734,1.0,False
145,720575940630696310,720575940628264585,0.99,True
146,720575940636479863,720575940636479863,1.0,False
147,720575940649992569,720575940649992569,1.0,False
148,720575940627997050,720575940627997050,1.0,False
149,720575940622352764,720575940622352764,1.0,False
150,720575940660224385,720575940660224385,1.0,False
151,720575940660220289,720575940660220289,1.0,False
152,720575940618936710,720575940618936710,1.0,False
153,720575940620169607,720575940620169607,1.0,False
154,720575940622123400,720575940622123400,1.0,False
155,720575940623786376,720575940623786376,1.0,False
156,720575940614840715,720575940614840715,1.0,False
157,720575940615623051,720575940615623051,1.0,False
158,720575940614185366,720575940614185366,1.0,False
159,720575940634493335,720575940640942424,1.0,True
160,720575940615041430,720575940640589171,1.0,True
161,720575940628627867,720575940628627867,1.0,False
162,720575940617822621,720575940653310198,1.0,True
163,720575940614562207,720575940614562207,1.0,False
164,720575940614156703,720575940611610670,1.0,True
165,720575940614107554,720575940614107554,1.0,False
166,720575940639789475,720575940639789475,1.0,False
167,720575940631925156,720575940631925156,1.0,False
168,720575940611498419,720575940611498419,1.0,False
169,720575940612288947,720575940612288947,1.0,False
170,720575940617568697,720575940617568697,1.0,False
171,720575940615578043,720575940615578043,1.0,False
172,720575940605714878,720575940605714878,1.0,False
173,720575940619751872,720575940619751872,1.0,False
174,720575940609376707,720575940609376707,1.0,False
175,720575940630569413,720575940630569413,1.0,False
176,720575940617802187,720575940617802187,1.0,False
177,720575940631110095,720575940631110095,1.0,False
178,720575940620804566,720575940620804566,1.0,False
179,720575940610957786,720575940615898730,1.0,True
180,720575940631695841,720575940631695841,1.0,False
181,720575940631720417,720575940631720417,1.0,False
182,720575940632646114,720575940632646114,1.0,False
183,720575940617249254,720575940617249254,1.0,False
184,720575940623614442,720575940606633248,1.0,True
185,720575940620468718,720575940620468718,1.0,False
186,720575940620149231,720575940631543414,0.99,True
187,720575940622332403,720575940622332403,1.0,False
188,720575940621226484,720575940621226484,1.0,False
189,720575940629508599,720575940610231509,1.0,True
190,720575940635640312,720575940635640312,1.0,False
191,720575940635587064,720575940635587064,1.0,False
192,720575940627595772,720575940627595772,1.0,False
193,720575940612805118,720575940612805118,1.0,False
194,720575940629139968,720575940629139968,1.0,False
195,720575940616786433,720575940616786433,1.0,False
196,720575940617212417,720575940640630589,0.98,True
197,720575940626936324,720575940626936324,1.0,False
198,720575940621951493,720575940637648485,1.0,True
199,720575940616471052,720575940616471052,1.0,False
200,720575940628869648,720575940628869648,1.0,False
201,720575940631282194,720575940631282194,1.0,False
202,720575940644438551,720575940644438551,1.0,False
203,720575940620915224,720575940620915224,1.0,False
204,720575940625396252,720575940625396252,1.0,False
205,720575940616921629,720575940624991495,0.97,True
206,720575940626993694,720575940626993694,1.0,False
207,720575940632117791,720575940636454136,1.0,True
208,720575940603580960,720575940603580960,1.0,False
209,720575940610605614,720575940610605614,1.0,False
210,720575940631855663,720575940631855663,1.0,False
211,720575940616167986,720575940616167986,1.0,False
212,720575940638810677,720575940638810677,1.0,False
213,720575940614959675,720575940614959675,1.0,False
214,720575940616401467,720575940616401467,1.0,False
215,720575940626813502,720575940628125715,1.0,True
216,720575940619944513,720575940619944513,1.0,False
217,720575940632302151,720575940632302151,1.0,False
218,720575940627845704,720575940627845704,1.0,False
219,720575940624314953,720575940627629598,1.0,True
220,720575940621783628,720575940621783628,1.0,False
221,720575940639425112,720575940639425112,1.0,False
222,720575940626268761,720575940626268761,1.0,False
223,720575940636254810,720575940636254810,1.0,False
224,720575940635222640,720575940635222640,1.0,False
225,720575940648182393,720575940626799920,0.99,True
226,720575940621804159,720575940621804159,1.0,False
227,720575940639539840,720575940639539840,1.0,False
228,720575940646814340,720575940646814340,1.0,False
229,720575940645032580,720575940645032580,1.0,False
230,720575940623786632,720575940645176264,1.0,True
231,720575940621767306,720575940621767306,1.0,False
232,720575940616372875,720575940620038779,1.0,True
233,720575940632539788,720575940632539788,1.0,False
234,720575940641305229,720575940641305229,1.0,False
235,720575940634583694,720575940634583694,1.0,False
236,720575940637102734,720575940641173632,1.0,True
237,720575940623934096,720575940623934096,1.0,False
238,720575940624319124,720575940624319124,1.0,False
239,720575940634428058,720575940634428058,1.0,False
240,720575940634919580,720575940640449333,1.0,True
241,720575940616688286,720575940616688286,1.0,False
242,720575940619678366,720575940619678366,1.0,False
243,720575940639789731,720575940639789731,1.0,False
244,720575940621071017,720575940621071017,1.0,False
245,720575940620595883,720575940620595883,1.0,False
246,720575940602864300,720575940602864300,1.0,False
247,720575940611756723,720575940611756723,1.0,False
248,720575940624499381,720575940632900665,1.0,True
249,720575940617552569,720575940617552569,1.0,False
250,720575940625420986,720575940625420986,1.0,False
251,720575940614046395,720575940614046395,1.0,False
252,720575940616274619,720575940616274619,1.0,False
253,720575940619576001,720575940630274459,0.99,True
254,720575940630221509,720575940630221509,1.0,False
255,720575940615385798,720575940615385798,1.0,False
256,720575940627055303,720575940627055303,1.0,False
257,720575940612084430,720575940620156283,0.99,True
258,720575940628800207,720575940628800207,1.0,False
259,720575940610872014,720575940610872014,1.0,False
260,720575940614165201,720575940614165201,1.0,False
261,720575940608877266,720575940608877266,1.0,False
262,720575940614181585,720575940614181585,1.0,False
263,720575940633170643,720575940633170643,1.0,False
264,720575940629041879,720575940629041879,1.0,False
265,720575940619584216,720575940613686954,1.0,True
266,720575940618277592,720575940625887207,1.0,True
267,720575940612629210,720575940612629210,1.0,False
268,720575940612682467,720575940612682467,1.0,False
269,720575940627731176,720575940627731176,1.0,False
270,720575940621325034,720575940621325034,1.0,False
271,720575940623626986,720575940623626986,1.0,False
272,720575940622910188,720575940622910188,1.0,False
273,720575940627620593,720575940627620593,1.0,False
274,720575940624876275,720575940627001637,0.98,True
275,720575940639159029,720575940639159029,1.0,False
276,720575940630221563,720575940630221563,1.0,False
277,720575940624220925,720575940636308075,1.0,True
278,720575940621947653,720575940621947653,1.0,False
279,720575940626187014,720575940626187014,1.0,False
280,720575940622537477,720575940622537477,1.0,False
281,720575940607927049,720575940621399174,1.0,True
282,720575940606784265,720575940606784265,1.0,False
283,720575940615312140,720575940630682618,1.0,True
284,720575940631270162,720575940631270162,1.0,False
285,720575940627366675,720575940627366675,1.0,False
286,720575940631593753,720575940631593753,1.0,False
287,720575940619928346,720575940619928346,1.0,False
288,720575940622263066,720575940622263066,1.0,False
289,720575940605702944,720575940605702944,1.0,False
290,720575940644758308,720575940644758308,1.0,False
291,720575940626588453,720575940620543025,1.0,True
292,720575940642894628,720575940642894628,1.0,False
293,720575940624982823,720575940624982823,1.0,False
294,720575940624986919,720575940624986919,1.0,False
295,720575940629369642,720575940629369642,1.0,False
296,720575940629390123,720575940629390123,1.0,False
297,720575940629312300,720575940629312300,1.0,False
298,720575940627403578,720575940627403578,1.0,False
299,720575940616647483,720575940616647483,1.0,False
300,720575940639765309,720575940621065301,1.0,True
301,720575940625376062,720575940625376062,1.0,False
302,720575940625642302,720575940625642302,1.0,False
303,720575940628378440,720575940628378440,1.0,False
304,720575940626518858,720575940626518858,1.0,False
305,720575940626527055,720575940626527055,1.0,False
306,720575940618265435,720575940631518582,1.0,True
307,720575940618818395,720575940618818395,1.0,False
308,720575940634526560,720575940634526560,1.0,False
309,720575940634604384,720575940633011256,1.0,True
310,720575940631982952,720575940631982952,1.0,False
311,720575940633543531,720575940633543531,1.0,False
312,720575940634915691,720575940634915691,1.0,False
313,720575940635210603,720575940635210603,1.0,False
314,720575940634207087,720575940634207087,1.0,False
315,720575940636029807,720575940636029807,1.0,False
316,720575940613358450,720575940613358450,1.0,False
317,720575940621599604,720575940621599604,1.0,False
318,720575940649829241,720575940649829241,1.0,False
319,720575940621566844,720575940621566844,1.0,False
320,720575940626256765,720575940621667693,1.0,True
321,720575940639634304,720575940639634304,1.0,False
322,720575940659356545,720575940659356545,1.0,False
323,720575940625875843,720575940625094325,0.97,True
324,720575940626088835,720575940626088835,1.0,False
325,720575940647478148,720575940647478148,1.0,False
326,720575940623274888,720575940623498876,1.0,True
327,720575940623528842,720575940623528842,1.0,False
328,720575940617073547,720575940635701655,1.0,True
329,720575940641833869,720575940641833869,1.0,False
330,720575940634198926,720575940634198926,1.0,False
331,720575940640306061,720575940640306061,1.0,False
332,720575940625539984,720575940625539984,1.0,False
333,720575940625744784,720575940625744784,1.0,False
334,720575940621304723,720575940621304723,1.0,False
335,720575940623491987,720575940623491987,1.0,False
336,720575940609844117,720575940609844117,1.0,False
337,720575940624106388,720575940624106388,1.0,False
338,720575940618519454,720575940618519454,1.0,False
339,720575940619023262,720575940632788025,1.0,True
340,720575940619654053,720575940619654053,1.0,False
341,720575940620231590,720575940620231590,1.0,False
342,720575940620153765,720575940620153765,1.0,False
343,720575940611654570,720575940611654570,1.0,False
344,720575940605658033,720575940605658033,1.0,False
345,720575940624130997,720575940624390185,1.0,True
346,720575940619133878,720575940619133878,1.0,False
347,720575940624655285,720575940624655285,1.0,False
348,720575940622537653,720575940622537653,1.0,False
349,720575940624651189,720575940624651189,1.0,False
350,720575940618863553,720575940618863553,1.0,False
351,720575940620878785,720575940620878785,1.0,False
352,720575940613731270,720575940613731270,1.0,False
353,720575940606342089,720575940606342089,1.0,False
354,720575940606866377,720575940606866377,1.0,False
355,720575940617802699,720575940617802699,1.0,False
356,720575940625822666,720575940629586417,0.96,True
357,720575940609733582,720575940609733582,1.0,False
358,720575940611765201,720575940611765201,1.0,False
359,720575940617245652,720575940617245652,1.0,False
360,720575940617917396,720575940617917396,1.0,False
361,720575940612203482,720575940612203482,1.0,False
362,720575940636898270,720575940636898270,1.0,False
363,720575940632339425,720575940632339425,1.0,False
364,720575940633781217,720575940633781217,1.0,False
365,720575940628030440,720575940628030440,1.0,False
366,720575940620534768,720575940620534768,1.0,False
367,720575940641276917,720575940641276917,1.0,False
368,720575940621530117,720575940621530117,1.0,False
369,720575940623467527,720575940623467527,1.0,False
370,720575940606702601,720575940606702601,1.0,False
371,720575940630250514,720575940648654468,1.0,True
372,720575940630758418,720575940630758418,1.0,False
373,720575940618548244,720575940618548244,1.0,False
374,720575940644279319,720575940644279319,1.0,False
375,720575940623918121,720575940623918121,1.0,False
376,720575940629472298,720575940629472298,1.0,False
377,720575940628481067,720575940616286175,1.0,True
378,720575940632355885,720575940632355885,1.0,False
379,720575940625863728,720575940625863728,1.0,False
380,720575940625871920,720575940628360723,1.0,True
381,720575940647031860,720575940647031860,1.0,False
382,720575940631520312,720575940631520312,1.0,False
383,720575940631168057,720575940631168057,1.0,False
384,720575940632486969,720575940632486969,1.0,False
385,720575940631499832,720575940631499832,1.0,False
386,720575940630246460,720575940622933765,1.0,True
387,720575940621534273,720575940621534273,1.0,False
388,720575940622550089,720575940622550089,1.0,False
389,720575940627645514,720575940627645514,1.0,False
390,720575940628186186,720575940648636292,0.99,True
391,720575940620149836,720575940620149836,1.0,False
392,720575940618093648,720575940608332674,0.97,True
393,720575940627465298,720575940613307033,1.0,True
394,720575940630996055,720575940611144516,1.0,True
395,720575940640486488,720575940640486488,1.0,False
396,720575940626068569,720575940626068569,1.0,False
397,720575940608402524,720575940608402524,1.0,False
398,720575940622996579,720575940622996579,1.0,False
399,720575940625187940,720575940625187940,1.0,False
400,720575940628669545,720575940628669545,1.0,False
401,720575940635210859,720575940635210859,1.0,False
402,720575940630119532,720575940630119532,1.0,False
403,720575940619089005,720575940619089005,1.0,False
404,720575940636427376,720575940615692690,1.0,True
405,720575940611552370,720575940611552370,1.0,False
406,720575940630697078,720575940630697078,1.0,False
407,720575940629812346,720575940629812346,1.0,False
408,720575940629742718,720575940629742718,1.0,False
409,720575940646753412,720575940646753412,1.0,False
410,720575940641518733,720575940641518733,1.0,False
411,720575940627731599,720575940627731599,1.0,False
412,720575940622632084,720575940622632084,1.0,False
413,720575940634825879,720575940634825879,1.0,False
414,720575940633953434,720575940633953434,1.0,False
415,720575940626904219,720575940626904219,1.0,False
416,720575940618658974,720575940618658974,1.0,False
417,720575940631987364,720575940631987364,1.0,False
418,720575940632634532,720575940632634532,1.0,False
419,720575940621628582,720575940621628582,1.0,False
420,720575940613088426,720575940613088426,1.0,False
421,720575940613915823,720575940613915823,1.0,False
422,720575940607386802,720575940623503318,1.0,True
423,720575940621640885,720575940621640885,1.0,False
424,720575940614235323,720575940614235323,1.0,False
425,720575940623033532,720575940623033532,1.0,False
426,720575940607632579,720575940607632579,1.0,False
427,720575940607378633,720575940607378633,1.0,False
428,720575940625482954,720575940625482954,1.0,False
429,720575940625618122,720575940640747352,0.99,True
430,720575940620473547,720575940620473547,1.0,False
431,720575940623193293,720575940623193293,1.0,False
432,720575940611531986,720575940611531986,1.0,False
433,720575940611527890,720575940630336359,1.0,True
434,720575940609316050,720575940609316050,1.0,False
435,720575940632868051,720575940632868051,1.0,False
436,720575940642198747,720575940642198747,1.0,False
437,720575940637603038,720575940637603038,1.0,False
438,720575940632626402,720575940632626402,1.0,False
439,720575940631090402,720575940631090402,1.0,False
440,720575940626027752,720575940626027752,1.0,False
441,720575940622836970,720575940622836970,1.0,False
442,720575940619744496,720575940619744496,1.0,False
443,720575940629521655,720575940629521655,1.0,False
444,720575940627825923,720575940627825923,1.0,False
445,720575940627924227,720575940627924227,1.0,False
446,720575940623578375,720575940633218444,1.0,True
447,720575940623938823,720575940623938823,1.0,False
448,720575940626834698,720575940626834698,1.0,False
449,720575940623164685,720575940623164685,1.0,False
450,720575940630803727,720575940630803727,1.0,False
451,720575940625253649,720575940625253649,1.0,False
452,720575940625343761,720575940625343761,1.0,False
453,720575940626859283,720575940626859283,1.0,False
454,720575940620354836,720575940620354836,1.0,False
455,720575940627285267,720575940627285267,1.0,False
456,720575940631549202,720575940631549202,1.0,False
457,720575940645045527,720575940645045527,1.0,False
458,720575940623037720,720575940623037720,1.0,False
459,720575940618167579,720575940618167579,1.0,False
460,720575940626748702,720575940626748702,1.0,False
461,720575940626806046,720575940626806046,1.0,False
462,720575940623385894,720575940623385894,1.0,False
463,720575940623426854,720575940623426854,1.0,False
464,720575940631483695,720575940631483695,1.0,False
465,720575940647560500,720575940647560500,1.0,False
466,720575940630291767,720575940630291767,1.0,False
467,720575940626580794,720575940626580794,1.0,False
468,720575940629792060,720575940629792060,1.0,False
469,720575940629833020,720575940629833020,1.0,False
470,720575940639802685,720575940639802685,1.0,False
471,720575940617635141,720575940628436282,1.0,True
472,720575940631721287,720575940631721287,1.0,False
473,720575940623537485,720575940623537485,1.0,False
474,720575940632307025,720575940632307025,1.0,False
475,720575940616815958,720575940618618086,1.0,True
476,720575940634862943,720575940634862943,1.0,False
477,720575940634903915,720575940634903915,1.0,False
478,720575940628796780,720575940628796780,1.0,False
479,720575940645258606,720575940645258606,1.0,False
480,720575940645352814,720575940645352814,1.0,False
481,720575940649809273,720575940649809273,1.0,False
482,720575940627850622,720575940627850622,1.0,False
483,720575940619847039,720575940627021349,1.0,True
484,720575940629304702,720575940629304702,1.0,False
485,720575940639479168,720575940639479168,1.0,False
486,720575940660229505,720575940660229505,1.0,False
487,720575940620621190,720575940620621190,1.0,False
488,720575940631061900,720575940631061900,1.0,False
489,720575940631643532,720575940631643532,1.0,False
490,720575940641375629,720575940630078031,0.98,True
491,720575940641781133,720575940641781133,1.0,False
492,720575940642411917,720575940642411917,1.0,False
493,720575940613793170,720575940613793170,1.0,False
494,720575940614342038,720575940614342038,1.0,False
495,720575940615652767,720575940633165452,1.0,True
496,720575940641793440,720575940641793440,1.0,False
497,720575940610348458,720575940610348458,1.0,False
498,720575940605162924,720575940605162924,1.0,False
499,720575940614022575,720575940621313414,1.0,True
500,720575940619806128,720575940629725545,0.96,True
501,720575940620776880,720575940620776880,1.0,False
502,720575940621522352,720575940613019541,1.0,True
503,720575940638623165,720575940638623165,1.0,False
504,720575940603786686,720575940603786686,1.0,False
505,720575940625573322,720575940625573322,1.0,False
506,720575940614186449,720575940614186449,1.0,False
507,720575940613838289,720575940613838289,1.0,False
508,720575940606756309,720575940606756309,1.0,False
509,720575940622321110,720575940622321110,1.0,False
510,720575940620404182,720575940620404182,1.0,False
511,720575940622161366,720575940622161366,1.0,False
512,720575940617696728,720575940617696728,1.0,False
513,720575940611163610,720575940644473760,1.0,True
514,720575940617295321,720575940617295321,1.0,False
515,720575940630480348,720575940630480348,1.0,False
516,720575940622067165,720575940622067165,1.0,False
517,720575940619498968,720575940625673196,1.0,True
518,720575940615378399,720575940615378399,1.0,False
519,720575940631651810,720575940631651810,1.0,False
520,720575940622042603,720575940622042603,1.0,False
521,720575940623992300,720575940623992300,1.0,False
522,720575940611474925,720575940611474925,1.0,False
523,720575940624897516,720575940624897516,1.0,False
524,720575940623062515,720575940623062515,1.0,False
525,720575940639159797,720575940639159797,1.0,False
526,720575940630033913,720575940630033913,1.0,False
527,720575940630382075,720575940630382075,1.0,False
528,720575940621923837,720575940621923837,1.0,False
529,720575940627015196,720575940627015196,1.0,False
530,720575940626179614,720575940626179614,1.0,False
531,720575940624229925,720575940624229925,1.0,False
532,720575940622505511,720575940622505511,1.0,False
533,720575940630492714,720575940630492714,1.0,False
534,720575940631705130,720575940631705130,1.0,False
535,720575940630726188,720575940631342073,1.0,True
536,720575940617750070,720575940617750070,1.0,False
537,720575940631959097,720575940631959097,1.0,False
538,720575940626888250,720575940626888250,1.0,False
539,720575940617291323,720575940632407826,1.0,True
540,720575940637660733,720575940637660733,1.0,False
541,720575940638094911,720575940638094911,1.0,False
542,720575940631283267,720575940631283267,1.0,False
543,720575940617918021,720575940617918021,1.0,False
544,720575940639118926,720575940639118926,1.0,False
545,720575940617373268,720575940617373268,1.0,False
546,720575940614587990,720575940614587990,1.0,False
547,720575940620297819,720575940620297819,1.0,False
548,720575940621031006,720575940621031006,1.0,False
549,720575940620293741,720575940613632153,1.0,True
550,720575940612019825,720575940612019825,1.0,False
551,720575940612028017,720575940612028017,1.0,False
552,720575940620760692,720575940620760692,1.0,False
553,720575940607170178,720575940607170178,1.0,False
554,720575940627166851,720575940627166851,1.0,False
555,720575940622386824,720575940622386824,1.0,False
556,720575940623529610,720575940632524559,1.0,True
557,720575940631225996,720575940631225996,1.0,False
558,720575940636333710,720575940636333710,1.0,False
559,720575940623582867,720575940623582867,1.0,False
560,720575940611225237,720575940611225237,1.0,False
561,720575940610610841,720575940610610841,1.0,False
562,720575940627490459,720575940627490459,1.0,False
563,720575940632512156,720575940632512156,1.0,False
564,720575940617950877,720575940617950877,1.0,False
565,720575940619191966,720575940619191966,1.0,False
566,720575940653053601,720575940653053601,1.0,False
567,720575940614682274,720575940614682274,1.0,False
568,720575940638664355,720575940638664355,1.0,False
569,720575940619486891,720575940619486891,1.0,False
570,720575940604470956,720575940604470956,1.0,False
571,720575940604954289,720575940604954289,1.0,False
572,720575940623431351,720575940623431351,1.0,False
573,720575940624426680,720575940624426680,1.0,False
574,720575940626085562,720575940626085562,1.0,False
575,720575940616185531,720575940616185531,1.0,False
576,720575940637308605,720575940637308605,1.0,False
577,720575940618147520,720575940618147520,1.0,False
578,720575940620322497,720575940620322497,1.0,False
579,720575940617619147,720575940621071495,1.0,True
580,720575940623128269,720575940623128269,1.0,False
581,720575940640331472,720575940640331472,1.0,False
582,720575940630402775,720575940621388453,0.98,True
583,720575940617074393,720575940617074393,1.0,False
584,720575940611237594,720575940611237594,1.0,False
585,720575940632962786,720575940632962786,1.0,False
586,720575940611102437,720575940611102437,1.0,False
587,720575940611462885,720575940611462885,1.0,False
588,720575940626732776,720575940626732776,1.0,False
589,720575940624766700,720575940624766700,1.0,False
590,720575940621002480,720575940621002480,1.0,False
591,720575940626278129,720575940626278129,1.0,False
592,720575940628498161,720575940628498161,1.0,False
593,720575940651341558,720575940651341558,1.0,False
594,720575940624402173,720575940624402173,1.0,False
595,720575940617443073,720575940621107847,1.0,True
596,720575940624234242,720575940624234242,1.0,False
597,720575940622681864,720575940622681864,1.0,False
598,720575940625090314,720575940625090314,1.0,False
599,720575940615378700,720575940615378700,1.0,False
600,720575940631299855,720575940631299855,1.0,False
601,720575940628858640,720575940628858640,1.0,False
602,720575940631361295,720575940628731140,1.0,True
603,720575940625573653,720575940625573653,1.0,False
604,720575940631627551,720575940631627551,1.0,False
605,720575940632041247,720575940632041247,1.0,False
606,720575940624967463,720575940624967463,1.0,False
607,720575940613408552,720575940613408552,1.0,False
608,720575940611700520,720575940611700520,1.0,False
609,720575940627003179,720575940627003179,1.0,False
610,720575940627560236,720575940627560236,1.0,False
611,720575940624877360,720575940624877360,1.0,False
612,720575940617873201,720575940617873201,1.0,False
613,720575940615653170,720575940629240263,1.0,True
614,720575940625872688,720575940625872688,1.0,False
615,720575940625880880,720575940611108676,0.99,True
616,720575940614592307,720575940629170250,0.99,True
617,720575940618405686,720575940618405686,1.0,False
618,720575940631082808,720575940631082808,1.0,False
619,720575940629509948,720575940629509948,1.0,False
620,720575940613535554,720575940613535554,1.0,False
621,720575940618594117,720575940618594117,1.0,False
622,720575940624131913,720575940624131913,1.0,False
623,720575940628387663,720575940628387663,1.0,False
624,720575940628993871,720575940628993871,1.0,False
625,720575940632303441,720575940632303441,1.0,False
626,720575940638013274,720575940638013274,1.0,False
627,720575940611749730,720575940642549467,1.0,True
628,720575940632037224,720575940632037224,1.0,False
629,720575940635166571,720575940635166571,1.0,False
630,720575940630689644,720575940630689644,1.0,False
631,720575940630505334,720575940630505334,1.0,False
632,720575940626319235,720575940626319235,1.0,False
633,720575940618393478,720575940618393478,1.0,False
634,720575940617922439,720575940617922439,1.0,False
635,720575940627732361,720575940627732361,1.0,False
636,720575940616353675,720575940616353675,1.0,False
637,720575940627748751,720575940641237632,0.97,True
638,720575940624861072,720575940624861072,1.0,False
639,720575940625467280,720575940625467280,1.0,False
640,720575940624750480,720575940624750480,1.0,False
641,720575940612429714,720575940612429714,1.0,False
642,720575940623431571,720575940623431571,1.0,False
643,720575940628703131,720575940622037926,1.0,True
644,720575940618663838,720575940618663838,1.0,False
645,720575940618876830,720575940618876830,1.0,False
646,720575940654094241,720575940654094241,1.0,False
647,720575940611622826,720575940611622826,1.0,False
648,720575940630992813,720575940630992813,1.0,False
649,720575940614014895,720575940614014895,1.0,False
650,720575940612429743,720575940612429743,1.0,False
651,720575940612335539,720575940612335539,1.0,False
652,720575940623222712,720575940623222712,1.0,False
653,720575940632573887,720575940632573887,1.0,False
654,720575940620650433,720575940623142426,0.99,True
655,720575940627691458,720575940627691458,1.0,False
656,720575940622673860,720575940622673860,1.0,False
657,720575940622944196,720575940622944196,1.0,False
658,720575940627732423,720575940627732423,1.0,False
659,720575940642027464,720575940642027464,1.0,False
660,720575940606425033,720575940606425033,1.0,False
661,720575940619945931,720575940619945931,1.0,False
662,720575940623132621,720575940623132621,1.0,False
663,720575940623206349,720575940639152361,1.0,True
664,720575940630980559,720575940630980559,1.0,False
665,720575940614129617,720575940614129617,1.0,False
666,720575940613748689,720575940613748689,1.0,False
667,720575940607178709,720575940607178709,1.0,False
668,720575940630403031,720575940630403031,1.0,False
669,720575940641282011,720575940637612974,1.0,True
670,720575940615292895,720575940615292895,1.0,False
671,720575940604729312,720575940604729312,1.0,False
672,720575940634253281,720575940634253281,1.0,False
673,720575940613347299,720575940613347299,1.0,False
674,720575940637341668,720575940637341668,1.0,False
675,720575940637530084,720575940637530084,1.0,False
676,720575940621801456,720575940621801456,1.0,False
677,720575940628445169,720575940628445169,1.0,False
678,720575940624082931,720575940624082931,1.0,False
679,720575940624816115,720575940624816115,1.0,False
680,720575940639705077,720575940639705077,1.0,False
681,720575940629428215,720575940629428215,1.0,False
682,720575940614187006,720575940614187006,1.0,False
683,720575940622878719,720575940622878719,1.0,False
684,720575940622010373,720575940622010373,1.0,False
685,720575940608735241,720575940608735241,1.0,False
686,720575940625815562,720575940625815562,1.0,False
687,720575940625184782,720575940625184782,1.0,False
688,720575940630808591,720575940630808591,1.0,False
689,720575940627949589,720575940627949589,1.0,False
690,720575940616886301,720575940616886301,1.0,False
691,720575940643837988,720575940643837988,1.0,False
692,720575940625426469,720575940625426469,1.0,False
693,720575940614236200,720575940614236200,1.0,False
694,720575940628895787,720575940628895787,1.0,False
695,720575940631889965,720575940631889965,1.0,False
696,720575940614137907,720575940614137907,1.0,False
697,720575940636104767,720575940636104767,1.0,False
698,720575940629686339,720575940629686339,1.0,False
699,720575940627826760,720575940627826760,1.0,False
700,720575940628252751,720575940628252751,1.0,False
701,720575940628883535,720575940628883535,1.0,False
702,720575940629956695,720575940629956695,1.0,False
703,720575940626229337,720575940626229337,1.0,False
704,720575940634617952,720575940634617952,1.0,False
705,720575940626245732,720575940629736720,1.0,True
706,720575940636612709,720575940621474068,1.0,True
707,720575940605282406,720575940605282406,1.0,False
708,720575940605450342,720575940605450342,1.0,False
709,720575940631545960,720575940631545960,1.0,False
710,720575940615108714,720575940615108714,1.0,False
711,720575940631124076,720575940631124076,1.0,False
712,720575940645537902,720575940645537902,1.0,False
713,720575940610173048,720575940610173048,1.0,False
714,720575940627814522,720575940627814522,1.0,False
715,720575940619077755,720575940619077755,1.0,False
716,720575940619548799,720575940619548799,1.0,False
717,720575940640422016,720575940640422016,1.0,False
718,720575940624459907,720575940624459907,1.0,False
719,720575940618827910,720575940618827910,1.0,False
720,720575940618086535,720575940618086535,1.0,False
721,720575940623276168,720575940623276168,1.0,False
722,720575940621629578,720575940621629578,1.0,False
723,720575940623947914,720575940629866283,1.0,True
724,720575940631632012,720575940631632012,1.0,False
725,720575940623468691,720575940623468691,1.0,False
726,720575940617296029,720575940617296029,1.0,False
727,720575940619024542,720575940619024542,1.0,False
728,720575940614736034,720575940614736034,1.0,False
729,720575940639201443,720575940639201443,1.0,False
730,720575940604737708,720575940604737708,1.0,False
731,720575940636592302,720575940636592302,1.0,False
732,720575940613589167,720575940613589167,1.0,False
733,720575940621068464,720575940621068464,1.0,False
734,720575940611881139,720575940611881139,1.0,False
735,720575940619372726,720575940619372726,1.0,False
736,720575940615715003,720575940615715003,1.0,False
737,720575940620564673,720575940620564673,1.0,False
738,720575940633213132,720575940633213132,1.0,False
739,720575940611016910,720575940611016910,1.0,False
740,720575940631091407,720575940631091407,1.0,False
741,720575940640106704,720575940635564896,0.97,True
742,720575940608960722,720575940608960722,1.0,False
743,720575940610472146,720575940610472146,1.0,False
744,720575940621392086,720575940621392086,1.0,False
745,720575940615219417,720575940615219417,1.0,False
746,720575940611782874,720575940611782874,1.0,False
747,720575940630460636,720575940623125628,1.0,True
748,720575940602534112,720575940602534112,1.0,False
749,720575940633270497,720575940606112940,1.0,True
750,720575940612376805,720575940612376805,1.0,False
751,720575940612036837,720575940612036837,1.0,False
752,720575940624222443,720575940616826380,1.0,True
753,720575940620859630,720575940620859630,1.0,False
754,720575940630808827,720575940630808827,1.0,False
755,720575940622579967,720575940622579967,1.0,False
756,720575940624394498,720575940624394498,1.0,False
757,720575940613998860,720575940613998860,1.0,False
758,720575940625422609,720575940625422609,1.0,False
759,720575940644022551,720575940644022551,1.0,False
760,720575940627167516,720575940627167516,1.0,False
761,720575940630071583,720575940630071583,1.0,False
762,720575940644653348,720575940644653348,1.0,False
763,720575940623706405,720575940623706405,1.0,False
764,720575940644751652,720575940644751652,1.0,False
765,720575940624980263,720575940628844712,1.0,True
766,720575940628437291,720575940628437291,1.0,False
767,720575940629477675,720575940629477675,1.0,False
768,720575940629502251,720575940629502251,1.0,False
769,720575940610505006,720575940610505006,1.0,False
770,720575940625262896,720575940656144289,1.0,True
771,720575940647029044,720575940647029044,1.0,False
772,720575940646443316,720575940646443316,1.0,False
773,720575940630956345,720575940630956345,1.0,False
774,720575940618291520,720575940618291520,1.0,False
775,720575940610001220,720575940610001220,1.0,False
776,720575940631333195,720575940631333195,1.0,False
777,720575940624968013,720575940624968013,1.0,False
778,720575940622760269,720575940622760269,1.0,False
779,720575940626729295,720575940626729295,1.0,False
780,720575940637501784,720575940637501784,1.0,False
781,720575940635175263,720575940635175263,1.0,False
782,720575940632934751,720575940632934751,1.0,False
783,720575940623968612,720575940623968612,1.0,False
784,720575940603591014,720575940603591014,1.0,False
785,720575940606179686,720575940606179686,1.0,False
786,720575940627241321,720575940627241321,1.0,False
787,720575940614588778,720575940614588778,1.0,False
788,720575940635212139,720575940635212139,1.0,False
789,720575940618762605,720575940618762605,1.0,False
790,720575940617140597,720575940617140597,1.0,False
791,720575940617611643,720575940636329579,0.98,True
792,720575940639553920,720575940639553920,1.0,False
793,720575940620110215,720575940620110215,1.0,False
794,720575940623944072,720575940650929273,1.0,True
795,720575940616374667,720575940616374667,1.0,False
796,720575940628220303,720575940630054735,0.98,True
797,720575940634560922,720575940634560922,1.0,False
798,720575940626639259,720575940626639259,1.0,False
799,720575940634864026,720575940634864026,1.0,False
800,720575940616935838,720575940616935838,1.0,False
801,720575940643817888,720575940643817888,1.0,False
802,720575940644166048,720575940644166048,1.0,False
803,720575940625963432,720575940625963432,1.0,False
804,720575940604103084,720575940604103084,1.0,False
805,720575940636891566,720575940621401222,1.0,True
806,720575940613929391,720575940613929391,1.0,False
807,720575940619024816,720575940619024816,1.0,False
808,720575940604930481,720575940604930481,1.0,False
809,720575940621347254,720575940627139530,0.99,True
810,720575940626672058,720575940626672058,1.0,False
811,720575940622797244,720575940622797244,1.0,False
812,720575940624484796,720575940624484796,1.0,False
813,720575940637510077,720575940621119061,1.0,True
814,720575940623137212,720575940623137212,1.0,False
815,720575940629461442,720575940629461442,1.0,False
816,720575940623899082,720575940623899082,1.0,False
817,720575940622027222,720575940622027222,1.0,False
818,720575940630333911,720575940630333911,1.0,False
819,720575940640872923,720575940620625880,1.0,True
820,720575940620925405,720575940638159472,1.0,True
821,720575940603980256,720575940603980256,1.0,False
822,720575940604754400,720575940628825348,1.0,True
823,720575940633766370,720575940644494752,1.0,True
824,720575940634163682,720575940634163682,1.0,False
825,720575940637546980,720575940625047815,0.99,True
826,720575940615899622,720575940615899622,1.0,False
827,720575940624882151,720575940624882151,1.0,False
828,720575940623776235,720575940623776235,1.0,False
829,720575940621781492,720575940628132745,1.0,True
830,720575940651932150,720575940651932150,1.0,False
831,720575940629064186,720575940629064186,1.0,False
832,720575940630018554,720575940619432261,1.0,True
833,720575940629486075,720575940629486075,1.0,False
834,720575940630829563,720575940630829563,1.0,False
835,720575940630903291,720575940627419676,1.0,True
836,720575940624280066,720575940624280066,1.0,False
837,720575940626557442,720575940626557442,1.0,False
838,720575940622248453,720575940622248453,1.0,False
839,720575940627417619,720575940627417619,1.0,False
840,720575940620298772,720575940620298772,1.0,False
841,720575940627044885,720575940627044885,1.0,False
842,720575940626524702,720575940626524702,1.0,False
843,720575940604783136,720575940604783136,1.0,False
844,720575940605950496,720575940605950496,1.0,False
845,720575940644801060,720575940644801060,1.0,False
846,720575940617390641,720575940617390641,1.0,False
847,720575940611807795,720575940611807795,1.0,False
848,720575940646160948,720575940646160948,1.0,False
849,720575940626663994,720575940626663994,1.0,False
850,720575940639726141,720575940639726141,1.0,False
851,720575940624374334,720575940624374334,1.0,False
852,720575940631829059,720575940631829059,1.0,False
853,720575940617792069,720575940617792069,1.0,False
854,720575940627847752,720575940627847752,1.0,False
855,720575940619434587,720575940619434587,1.0,False
856,720575940633041503,720575940633041503,1.0,False
857,720575940634458719,720575940634458719,1.0,False
858,720575940626295396,720575940626295396,1.0,False
859,720575940619913837,720575940640194493,1.0,True
860,720575940619090541,720575940619090541,1.0,False
861,720575940637125232,720575940632458514,0.99,True
862,720575940637608560,720575940637608560,1.0,False
863,720575940610935410,720575940610935410,1.0,False
864,720575940609366648,720575940609366648,1.0,False
865,720575940620642940,720575940620642940,1.0,False
866,720575940621257340,720575940621257340,1.0,False
867,720575940619790975,720575940619790975,1.0,False
868,720575940626745987,720575940626745987,1.0,False
869,720575940626741891,720575940618594022,1.0,True
870,720575940626377349,720575940626377349,1.0,False
871,720575940648188548,720575940648188548,1.0,False
872,720575940621294218,720575940621294218,1.0,False
873,720575940640156301,720575940640156301,1.0,False
874,720575940617554577,720575940617554577,1.0,False
875,720575940611308181,720575940611308181,1.0,False
876,720575940634782359,720575940634782359,1.0,False
877,720575940628630171,720575940630665210,0.98,True
878,720575940630428324,720575940630428324,1.0,False
879,720575940612586151,720575940612586151,1.0,False
880,720575940636879534,720575940636879534,1.0,False
881,720575940613917359,720575940613917359,1.0,False
882,720575940619315888,720575940619315888,1.0,False
883,720575940606757554,720575940618051801,0.96,True
884,720575940605041330,720575940605041330,1.0,False
885,720575940607384242,720575940607384242,1.0,False
886,720575940613814971,720575940613814971,1.0,False
887,720575940614486715,720575940628397138,1.0,True
888,720575940615658171,720575940622486644,0.95,True
889,720575940623203004,720575940623203004,1.0,False
890,720575940620470976,720575940620470976,1.0,False
891,720575940629846722,720575940629846722,1.0,False
892,720575940622805700,720575940622805700,1.0,False
893,720575940630297292,720575940630297292,1.0,False
894,720575940610341582,720575940610341582,1.0,False
895,720575940639353552,720575940639353552,1.0,False
896,720575940615559892,720575940615559892,1.0,False
897,720575940617689816,720575940617689816,1.0,False
898,720575940619582168,720575940619582168,1.0,False
899,720575940619590360,720575940619590360,1.0,False
900,720575940630244060,720575940630244060,1.0,False
901,720575940604898016,720575940630059087,1.0,True
902,720575940633770721,720575940621488805,1.0,True
903,720575940613339875,720575940613339875,1.0,False
904,720575940623637226,720575940623637226,1.0,False
905,720575940621540080,720575940621554112,1.0,True
906,720575940620757748,720575940620757748,1.0,False
907,720575940619524852,720575940619524852,1.0,False
908,720575940633201400,720575940633201400,1.0,False
909,720575940621196037,720575940621196037,1.0,False
910,720575940628441862,720575940628441862,1.0,False
911,720575940624038663,720575940636656632,1.0,True
912,720575940622654216,720575940632409130,0.96,True
913,720575940615502604,720575940615502604,1.0,False
914,720575940629429008,720575940613403890,0.96,True
915,720575940627368723,720575940627368723,1.0,False
916,720575940626889491,720575940626889491,1.0,False
917,720575940618427156,720575940618427156,1.0,False
918,720575940627946261,720575940627946261,1.0,False
919,720575940633488153,720575940633488153,1.0,False
920,720575940621572890,720575940621572890,1.0,False
921,720575940618156829,720575940618156829,1.0,False
922,720575940616936226,720575940616936226,1.0,False
923,720575940617952034,720575940617952034,1.0,False
924,720575940625718053,720575940625718053,1.0,False
925,720575940623014695,720575940623014695,1.0,False
926,720575940623338281,720575940623338281,1.0,False
927,720575940629490476,720575940629490476,1.0,False
928,720575940632877869,720575940632877869,1.0,False
929,720575940631759663,720575940631759663,1.0,False
930,720575940645534516,720575940645534516,1.0,False
931,720575940631051065,720575940631051065,1.0,False
932,720575940616026939,720575940616026939,1.0,False
933,720575940617296699,720575940617296699,1.0,False
934,720575940613200706,720575940613200706,1.0,False
935,720575940614478658,720575940614478658,1.0,False
936,720575940618398533,720575940618398533,1.0,False
937,720575940617034565,720575940617034565,1.0,False
938,720575940623543117,720575940623543117,1.0,False
939,720575940618165072,720575940625144061,1.0,True
940,720575940618066773,720575940625596647,0.97,True
941,720575940607761244,720575940607761244,1.0,False
942,720575940635179871,720575940635179871,1.0,False
943,720575940609948514,720575940609948514,1.0,False
944,720575940620847971,720575940636186463,1.0,True
945,720575940635872101,720575940635872101,1.0,False
946,720575940628659049,720575940628659049,1.0,False
947,720575940614572906,720575940614572906,1.0,False
948,720575940620622708,720575940620622708,1.0,False
949,720575940619905916,720575940619905916,1.0,False
950,720575940629805950,720575940629805950,1.0,False
951,720575940620331903,720575940615505406,0.99,True
952,720575940640758656,720575940627482114,1.0,True
953,720575940618402694,720575940618402694,1.0,False
954,720575940623924104,720575940631508598,1.0,True
955,720575940614843275,720575940614843275,1.0,False
956,720575940617448331,720575940617448331,1.0,False
957,720575940629965708,720575940629965708,1.0,False
958,720575940625513360,720575940625513360,1.0,False
959,720575940612692889,720575940612692889,1.0,False
960,720575940618574749,720575940618574749,1.0,False
961,720575940617477022,720575940617477022,1.0,False
962,720575940637424547,720575940637424547,1.0,False
963,720575940622195625,720575940622195625,1.0,False
964,720575940610309034,720575940610309034,1.0,False
965,720575940612373423,720575940612373423,1.0,False
966,720575940606704562,720575940606704562,1.0,False
967,720575940610091955,720575940610091955,1.0,False
968,720575940612311987,720575940612311987,1.0,False
969,720575940619676598,720575940619676598,1.0,False
970,720575940617030585,720575940617030585,1.0,False
971,720575940619910080,720575940619910080,1.0,False
972,720575940608076739,720575940608076739,1.0,False
973,720575940609407939,720575940609407939,1.0,False
974,720575940615424966,720575940615424966,1.0,False
975,720575940632189900,720575940632189900,1.0,False
976,720575940609260494,720575940609260494,1.0,False
977,720575940631108559,720575940631108559,1.0,False
978,720575940609719250,720575940609719250,1.0,False
979,720575940617399257,720575940617399257,1.0,False
980,720575940611939290,720575940611939290,1.0,False
981,720575940615666655,720575940615666655,1.0,False
982,720575940633095137,720575940633095137,1.0,False
983,720575940632574946,720575940632574946,1.0,False
984,720575940625345511,720575940625345511,1.0,False
985,720575940624530407,720575940624530407,1.0,False
986,720575940621585386,720575940632422219,0.99,True
987,720575940624333802,720575940624333802,1.0,False
988,720575940620749807,720575940620749807,1.0,False
989,720575940627827697,720575940627827697,1.0,False
990,720575940628487153,720575940628487153,1.0,False
991,720575940621319156,720575940621319156,1.0,False
992,720575940641278965,720575940641278965,1.0,False
993,720575940652104694,720575940652104694,1.0,False
994,720575940628745209,720575940628745209,1.0,False
995,720575940622965757,720575940617663093,1.0,True
996,720575940614089726,720575940614089726,1.0,False
997,720575940617432065,720575940617432065,1.0,False
998,720575940622478349,720575940622478349,1.0,False
999,720575940628884496,720575940628884496,1.0,False
1000,720575940619877396,720575940619877396,1.0,False
1001,720575940621626394,720575940621626394,1.0,False
1002,720575940632161311,720575940632161311,1.0,False
1003,720575940623383590,720575940624407944,0.99,True
1004,720575940610604078,720575940610604078,1.0,False
1005,720575940625345584,720575940625345584,1.0,False
1006,720575940646173748,720575940646173748,1.0,False
1007,720575940638084149,720575940638084149,1.0,False
1008,720575940627369018,720575940635405719,1.0,True
1009,720575940640222269,720575940640723315,1.0,True
1010,720575940625550398,720575940625550398,1.0,False
1011,720575940637678653,720575940637678653,1.0,False
1012,720575940626816062,720575940626816062,1.0,False
1013,720575940621339713,720575940621339713,1.0,False
1014,720575940610677828,720575940610677828,1.0,False
1015,720575940638166086,720575940625353736,0.99,True
1016,720575940632296519,720575940632296519,1.0,False
1017,720575940606753884,720575940606753884,1.0,False
1018,720575940606332006,720575940625733351,1.0,True
1019,720575940629421159,720575940629421159,1.0,False
1020,720575940627307625,720575940627307625,1.0,False
1021,720575940628659305,720575940628659305,1.0,False
1022,720575940629757036,720575940629757036,1.0,False
1023,720575940630346860,720575940630346860,1.0,False
1024,720575940634229871,720575940634229871,1.0,False
1025,720575940635925615,720575940624404872,1.0,True
1026,720575940611644529,720575940611644529,1.0,False
1027,720575940614384757,720575940614384757,1.0,False
1028,720575940616649845,720575940616649845,1.0,False
1029,720575940625587325,720575940630046467,1.0,True
1030,720575940629752958,720575940633228172,0.99,True
1031,720575940626328707,720575940626328707,1.0,False
1032,720575940647586948,720575940647586948,1.0,False
1033,720575940648180868,720575940648180868,1.0,False
1034,720575940628225167,720575940628225167,1.0,False
1035,720575940625878160,720575940625878160,1.0,False
1036,720575940616604817,720575940616604817,1.0,False
1037,720575940627790991,720575940627790991,1.0,False
1038,720575940617280657,720575940617280657,1.0,False
1039,720575940624854164,720575940614075363,0.84,True
1040,720575940613717138,720575940613717138,1.0,False
1041,720575940612488341,720575940612488341,1.0,False
1042,720575940614642838,720575940614642838,1.0,False
1043,720575940634475671,720575940627538434,1.0,True
1044,720575940634459290,720575940634459290,1.0,False
1045,720575940618505373,720575940632991815,1.0,True
1046,720575940618181790,720575940632472850,0.99,True
1047,720575940615957663,720575940615957663,1.0,False
1048,720575940643347616,720575940643347616,1.0,False
1049,720575940614581410,720575940614581410,1.0,False
1050,720575940612557994,720575940612557994,1.0,False
1051,720575940612648106,720575940612648106,1.0,False
1052,720575940620541099,720575940620541099,1.0,False
1053,720575940605725873,720575940605725873,1.0,False
1054,720575940605074609,720575940635464343,1.0,True
1055,720575940618382529,720575940618382529,1.0,False
1056,720575940620266689,720575940628352850,0.99,True
1057,720575940630334658,720575940630334658,1.0,False
1058,720575940626877639,720575940626877639,1.0,False
1059,720575940643785928,720575940633996883,0.99,True
1060,720575940605009097,720575940605009097,1.0,False
1061,720575940625558730,720575940625558730,1.0,False
1062,720575940632722636,720575940633529548,1.0,True
1063,720575940611886289,720575940611886289,1.0,False
1064,720575940610440402,720575940610440402,1.0,False
1065,720575940606856405,720575940606856405,1.0,False
1066,720575940628241628,720575940628241628,1.0,False
1067,720575940620135645,720575940620135645,1.0,False
1068,720575940604284128,720575940604284128,1.0,False
1069,720575940622806247,720575940622806247,1.0,False
1070,720575940623355114,720575940623355114,1.0,False
1071,720575940618751216,720575940620929483,0.98,True
1072,720575940641148149,720575940641148149,1.0,False
1073,720575940627500279,720575940627500279,1.0,False
1074,720575940626238716,720575940626238716,1.0,False
1075,720575940619971845,720575940614363619,0.97,True
1076,720575940623781127,720575940623781127,1.0,False
1077,720575940627303699,720575940627303699,1.0,False
1078,720575940620823828,720575940620823828,1.0,False
1079,720575940619074836,720575940619074836,1.0,False
1080,720575940627234069,720575940627234069,1.0,False
1081,720575940622204186,720575940622204186,1.0,False
1082,720575940617809181,720575940617809181,1.0,False
1083,720575940632632607,720575940632632607,1.0,False
1084,720575940644666660,720575940644666660,1.0,False
1085,720575940622437671,720575940622437671,1.0,False
1086,720575940622929193,720575940622929193,1.0,False
1087,720575940608838958,720575940608838958,1.0,False
1088,720575940615679282,720575940615679282,1.0,False
1089,720575940638088511,720575940638088511,1.0,False
1090,720575940618440000,720575940618440000,1.0,False
1091,720575940620070209,720575940632836675,0.99,True
1092,720575940615671106,720575940615671106,1.0,False
1093,720575940627750216,720575940627750216,1.0,False
1094,720575940624121161,720575940624121161,1.0,False
1095,720575940619332944,720575940619332944,1.0,False
1096,720575940620082512,720575940620082512,1.0,False
1097,720575940632722771,720575940632722771,1.0,False
1098,720575940626189657,720575940626189657,1.0,False
1099,720575940618870113,720575940618870113,1.0,False
1100,720575940610620770,720575940635355804,1.0,True
1101,720575940622040419,720575940622040419,1.0,False
1102,720575940637101413,720575940637101413,1.0,False
1103,720575940631629160,720575940631629160,1.0,False
1104,720575940618947956,720575940618947956,1.0,False
1105,720575940620582260,720575940620582260,1.0,False
1106,720575940635729271,720575940607854793,0.99,True
1107,720575940627361157,720575940611813842,1.0,True
1108,720575940620533126,720575940630952386,1.0,True
1109,720575940617993607,720575940617993607,1.0,False
1110,720575940621270410,720575940621270410,1.0,False
1111,720575940621442442,720575940621817326,0.99,True
1112,720575940630289804,720575940630289804,1.0,False
1113,720575940631469452,720575940631469452,1.0,False
1114,720575940641832333,720575940641832333,1.0,False
1115,720575940617035153,720575940617035153,1.0,False
1116,720575940614352278,720575940614352278,1.0,False
1117,720575940610010521,720575940610010521,1.0,False
1118,720575940629155227,720575940629155227,1.0,False
1119,720575940615630237,720575940615630237,1.0,False
1120,720575940615794077,720575940615794077,1.0,False
1121,720575940642057632,720575940638019184,0.99,True
1122,720575940632632740,720575940628345610,0.99,True
1123,720575940611976618,720575940611976618,1.0,False
1124,720575940611087786,720575940611087786,1.0,False
1125,720575940605300140,720575940605300140,1.0,False
1126,720575940618550699,720575940618550699,1.0,False
1127,720575940612058543,720575940612058543,1.0,False
1128,720575940613942703,720575940628885160,1.0,True
1129,720575940620561840,720575940620561840,1.0,False
1130,720575940621471157,720575940621471157,1.0,False
1131,720575940624448956,720575940624448956,1.0,False
1132,720575940638637501,720575940638637501,1.0,False
1133,720575940613893574,720575940644740256,0.91,True
1134,720575940643786184,720575940624537284,0.99,True
1135,720575940605656521,720575940605656521,1.0,False
1136,720575940619152856,720575940619152856,1.0,False
1137,720575940611735002,720575940611735002,1.0,False
1138,720575940622675421,720575940622675421,1.0,False
1139,720575940603874784,720575940603874784,1.0,False
1140,720575940612922851,720575940612922851,1.0,False
1141,720575940610301413,720575940616293855,1.0,True
1142,720575940611956197,720575940611956197,1.0,False
1143,720575940630425083,720575940630425083,1.0,False
1144,720575940625890812,720575940625890812,1.0,False
1145,720575940624289277,720575940616376287,1.0,True
1146,720575940621082111,720575940621082111,1.0,False
1147,720575940621221375,720575940615058216,0.97,True
1148,720575940622347784,720575940622347784,1.0,False
1149,720575940609236491,720575940632903737,1.0,True
1150,720575940623572493,720575940618203707,1.0,True
1151,720575940626296339,720575940626296339,1.0,False
1152,720575940645047831,720575940645047831,1.0,False
1153,720575940620815896,720575940620815896,1.0,False
1154,720575940634005017,720575940637126007,1.0,True
1155,720575940622728728,720575940622728728,1.0,False
1156,720575940603489824,720575940603489824,1.0,False
1157,720575940617588258,720575940642449909,0.97,True
1158,720575940645834275,720575940645834275,1.0,False
1159,720575940631309866,720575940631309866,1.0,False
1160,720575940613590579,720575940613590579,1.0,False
1161,720575940616498742,720575940616498742,1.0,False
1162,720575940629782072,720575940629782072,1.0,False
1163,720575940625940030,720575940653614838,0.93,True
1164,720575940614909506,720575940614909506,1.0,False
1165,720575940639092294,720575940615607207,1.0,True
1166,720575940638989894,720575940638989894,1.0,False
1167,720575940625890888,720575940625890888,1.0,False
1168,720575940625256013,720575940618314897,1.0,True
1169,720575940639428174,720575940639428174,1.0,False
1170,720575940619451989,720575940619451989,1.0,False
1171,720575940616400470,720575940616400470,1.0,False
1172,720575940639088216,720575940639088216,1.0,False
1173,720575940636933722,720575940636933722,1.0,False
1174,720575940617498205,720575940625937340,1.0,True
1175,720575940632989291,720575940632989291,1.0,False
1176,720575940634803819,720575940615043368,0.99,True
1177,720575940620017261,720575940620017261,1.0,False
1178,720575940620369517,720575940620369517,1.0,False
1179,720575940643487342,720575940643487342,1.0,False
1180,720575940621246068,720575940621246068,1.0,False
1181,720575940614147701,720575940614147701,1.0,False
1182,720575940616076917,720575940616076917,1.0,False
1183,720575940633853559,720575940633853559,1.0,False
1184,720575940634279543,720575940634279543,1.0,False
1185,720575940647964281,720575940647964281,1.0,False
1186,720575940634525303,720575940634525303,1.0,False
1187,720575940618514043,720575940618514043,1.0,False
1188,720575940636352119,720575940619038493,1.0,True
1189,720575940622351996,720575940622351996,1.0,False
1190,720575940640132736,720575940626982181,0.98,True
1191,720575940625182341,720575940625182341,1.0,False
1192,720575940622843530,720575940622843530,1.0,False
1193,720575940612427414,720575940612427414,1.0,False
1194,720575940614348438,720575940614348438,1.0,False
1195,720575940619038366,720575940619038366,1.0,False
1196,720575940615323298,720575940615323298,1.0,False
1197,720575940618698411,720575940618698411,1.0,False
1198,720575940618706603,720575940618706603,1.0,False
1199,720575940632698541,720575940632698541,1.0,False
1200,720575940621328048,720575940619757366,1.0,True
1201,720575940611772083,720575940611772083,1.0,False
1202,720575940621700789,720575940621700789,1.0,False
1203,720575940617035449,720575940617035449,1.0,False
1204,720575940615958203,720575940615958203,1.0,False
1205,720575940606222014,720575940606222014,1.0,False
1206,720575940632379071,720575940632379071,1.0,False
1207,720575940635057855,720575940615453182,1.0,True
1208,720575940620668609,720575940629543409,1.0,True
1209,720575940630990533,720575940630990533,1.0,False
1210,720575940615798470,720575940615798470,1.0,False
1211,720575940619853515,720575940627099338,1.0,True
1212,720575940623122125,720575940623122125,1.0,False
1213,720575940639919824,720575940639919824,1.0,False
1214,720575940640128720,720575940640128720,1.0,False
1215,720575940610715346,720575940610715346,1.0,False
1216,720575940610739922,720575940623446860,0.98,True
1217,720575940631035603,720575940631035603,1.0,False
1218,720575940617031385,720575940617031385,1.0,False
1219,720575940621274845,720575940621274845,1.0,False
1220,720575940633771745,720575940633771745,1.0,False
1221,720575940611981029,720575940611981029,1.0,False
1222,720575940622917351,720575940622917351,1.0,False
1223,720575940623781611,720575940623781611,1.0,False
1224,720575940621909739,720575940621909739,1.0,False
1225,720575940626165489,720575940626165489,1.0,False
1226,720575940650282742,720575940650282742,1.0,False
1227,720575940628942586,720575940628942586,1.0,False
1228,720575940627799802,720575940627799802,1.0,False
1229,720575940626009852,720575940626009852,1.0,False
1230,720575940613816062,720575940613816062,1.0,False
1231,720575940617752321,720575940624349993,1.0,True
1232,720575940629012227,720575940629012227,1.0,False
1233,720575940627582724,720575940627582724,1.0,False
1234,720575940628381444,720575940614759149,1.0,True
1235,720575940627652358,720575940627652358,1.0,False
1236,720575940626849546,720575940626849546,1.0,False
1237,720575940608409355,720575940608409355,1.0,False
1238,720575940613668620,720575940613668620,1.0,False
1239,720575940622786317,720575940622786317,1.0,False
1240,720575940626562833,720575940626562833,1.0,False
1241,720575940622237466,720575940622237466,1.0,False
1242,720575940630286111,720575940624977847,1.0,True
1243,720575940632960813,720575940632960813,1.0,False
1244,720575940625821488,720575940637659749,0.99,True
1245,720575940625870640,720575940625870640,1.0,False
1246,720575940645535540,720575940623068841,1.0,True
1247,720575940632043320,720575940632043320,1.0,False
1248,720575940626665274,720575940613636325,1.0,True
1249,720575940630236988,720575940630236988,1.0,False
1250,720575940636098367,720575940636098367,1.0,False
1251,720575940619247424,720575940637870510,0.98,True
1252,720575940636761926,720575940636761926,1.0,False
1253,720575940638187334,720575940621336852,1.0,True
1254,720575940627812168,720575940627812168,1.0,False
1255,720575940627828552,720575940627828552,1.0,False
1256,720575940631072587,720575940622633716,1.0,True
1257,720575940618182480,720575940618182480,1.0,False
1258,720575940627451730,720575940640316238,1.0,True
1259,720575940619431765,720575940619431765,1.0,False
1260,720575940616597334,720575940616597334,1.0,False
1261,720575940625747812,720575940625747812,1.0,False
1262,720575940627414887,720575940627414887,1.0,False
1263,720575940636651376,720575940636651376,1.0,False
1264,720575940611432305,720575940629412170,1.0,True
1265,720575940630695798,720575940630695798,1.0,False
1266,720575940630810486,720575940630810486,1.0,False
1267,720575940647755641,720575940647755641,1.0,False
1268,720575940620328828,720575940620328828,1.0,False
1269,720575940629806974,720575940629806974,1.0,False
1270,720575940606607234,720575940606607234,1.0,False
1271,720575940624748419,720575940624748419,1.0,False
1272,720575940627107721,720575940627107721,1.0,False
1273,720575940617498507,720575940617498507,1.0,False
1274,720575940636671886,720575940636671886,1.0,False
1275,720575940627771279,720575940627771279,1.0,False
1276,720575940612427670,720575940612427670,1.0,False
1277,720575940634750871,720575940634750871,1.0,False
1278,720575940634939292,720575940644467360,1.0,True
1279,720575940619308976,720575940647471395,0.98,True
1280,720575940605513649,720575940605513649,1.0,False
1281,720575940619341744,720575940619341744,1.0,False
1282,720575940635549620,720575940635549620,1.0,False
1283,720575940623925173,720575940623925173,1.0,False
1284,720575940624015287,720575940624015287,1.0,False
1285,720575940623052728,720575940623052728,1.0,False
1286,720575940625641402,720575940625641402,1.0,False
1287,720575940626038714,720575940615023535,1.0,True
1288,720575940632620991,720575940632620991,1.0,False
1289,720575940629774274,720575940629774274,1.0,False
1290,720575940642312136,720575940642312136,1.0,False
1291,720575940607451081,720575940607451081,1.0,False
1292,720575940619530187,720575940619530187,1.0,False
1293,720575940615364564,720575940615364564,1.0,False
1294,720575940611735514,720575940611735514,1.0,False
1295,720575940637618142,720575940637618142,1.0,False
1296,720575940604727264,720575940604727264,1.0,False
1297,720575940638109668,720575940638109668,1.0,False
1298,720575940623110123,720575940623110123,1.0,False
1299,720575940624801771,720575940624801771,1.0,False
1300,720575940624154604,720575940624154604,1.0,False
1301,720575940612366322,720575940612366322,1.0,False
1302,720575940627722234,720575940627722234,1.0,False
1303,720575940612804606,720575940612804606,1.0,False
1304,720575940607880578,720575940607880578,1.0,False
1305,720575940628164612,720575940628164612,1.0,False
1306,720575940634825367,720575940634825367,1.0,False
1307,720575940632644639,720575940632644639,1.0,False
1308,720575940620374693,720575940620374693,1.0,False
1309,720575940625653029,720575940625653029,1.0,False
1310,720575940624679463,720575940624679463,1.0,False
1311,720575940621583286,720575940632898105,0.99,True
1312,720575940631715896,720575940631715896,1.0,False
1313,720575940625191868,720575940633710756,1.0,True
1314,720575940638836285,720575940638836285,1.0,False
1315,720575940628041800,720575940624117528,0.99,True
1316,720575940631092943,720575940631092943,1.0,False
1317,720575940633404627,720575940640640061,0.99,True
1318,720575940616570966,720575940616570966,1.0,False
1319,720575940626936665,720575940624342569,0.99,True
1320,720575940624943084,720575940624943084,1.0,False
1321,720575940636043887,720575940629464582,1.0,True
1322,720575940622008560,720575940622008560,1.0,False
1323,720575940636044143,720575940636044143,1.0,False
1324,720575940631023099,720575940631023099,1.0,False
1325,720575940622516232,720575940622516232,1.0,False
1326,720575940627142165,720575940626418509,0.99,True
1327,720575940640142141,720575940640142141,1.0,False
1328,720575940631280377,720575940613017493,1.0,True
1329,720575940603609004,720575940638360798,1.0,True
1330,720575940629518851,720575940615228723,1.0,True
1331,720575940621186565,720575940621186565,1.0,False
1332,720575940626332166,720575940626332166,1.0,False
1333,720575940626644486,720575940626644486,1.0,False
1334,720575940629470736,720575940629470736,1.0,False
1335,720575940626318353,720575940626318353,1.0,False
1336,720575940643068951,720575940632512015,1.0,True
1337,720575940633762841,720575940633762841,1.0,False
1338,720575940621845530,720575940621845530,1.0,False
1339,720575940634473497,720575940634473497,1.0,False
1340,720575940642740260,720575940642740260,1.0,False
1341,720575940633031725,720575940635707543,1.0,True
1342,720575940615977522,720575940615977522,1.0,False
1343,720575940629912121,720575940629912121,1.0,False
1344,720575940615337019,720575940615337019,1.0,False
1345,720575940637807677,720575940637807677,1.0,False
1346,720575940639497277,720575940639497277,1.0,False
1347,720575940620309072,720575940621268651,1.0,True
1348,720575940637817944,720575940637817944,1.0,False
1349,720575940619967582,720575940619489605,1.0,True
1350,720575940627447401,720575940627447401,1.0,False
1351,720575940634279535,720575940637041263,0.99,True
1352,720575940620245620,720575940620070558,1.0,True
1353,720575940606861442,720575940606861442,1.0,False
1354,720575940625436805,720575940625436805,1.0,False
1355,720575940624551056,720575940624551056,1.0,False
1356,720575940627062424,720575940627062424,1.0,False
1357,720575940613096089,720575940613096089,1.0,False
1358,720575940618556587,720575940618556587,1.0,False
1359,720575940635635374,720575940635635374,1.0,False
1360,720575940607828146,720575940629399370,0.99,True
1361,720575940623365813,720575940623365813,1.0,False
1362,720575940620028096,720575940620028096,1.0,False
1363,720575940621033152,720575940621033152,1.0,False
1364,720575940630642380,720575940630642380,1.0,False
1365,720575940610184410,720575940620142203,1.0,True
1366,720575940621126365,720575940621126365,1.0,False
1367,720575940616849126,720575940616849126,1.0,False
1368,720575940635765496,720575940635765496,1.0,False
1369,720575940629987579,720575940629987579,1.0,False
1370,720575940627186435,720575940627186435,1.0,False
1371,720575940607416587,720575940607416587,1.0,False
1372,720575940626729744,720575940626729744,1.0,False
1373,720575940630586642,720575940630586642,1.0,False
1374,720575940624453916,720575940617642101,1.0,True
1375,720575940645995299,720575940618378708,1.0,True
1376,720575940624920871,720575940624920871,1.0,False
1377,720575940614517032,720575940614517032,1.0,False
1378,720575940609261892,720575940609261892,1.0,False
1379,720575940624375113,720575940624375113,1.0,False
1380,720575940626212178,720575940626212178,1.0,False
1381,720575940630426967,720575940630426967,1.0,False
1382,720575940636109658,720575940626580528,1.0,True
1383,720575940638186842,720575940638186842,1.0,False
1384,720575940608288092,720575940608288092,1.0,False
1385,720575940634818399,720575940634818399,1.0,False
1386,720575940620755297,720575940620755297,1.0,False
1387,720575940631322472,720575940631322472,1.0,False
1388,720575940636193647,720575940636193647,1.0,False
1389,720575940614519157,720575940614519157,1.0,False
1390,720575940619818879,720575940614365923,1.0,True
1391,720575940645440900,720575940638137200,1.0,True
1392,720575940630152076,720575940630152076,1.0,False
1393,720575940610991513,720575940610991513,1.0,False
1394,720575940632575388,720575940632575388,1.0,False
1395,720575940614447007,720575940621103495,0.96,True
1396,720575940612776879,720575940612776879,1.0,False
1397,720575940605960626,720575940605960626,1.0,False
1398,720575940623857084,720575940623857084,1.0,False
1399,720575940620970445,720575940620970445,1.0,False
1400,720575940622597078,720575940622597078,1.0,False
1401,720575940630541783,720575940630541783,1.0,False
1402,720575940636231145,720575940636231145,1.0,False
1403,720575940622129642,720575940616424927,1.0,True
1404,720575940622378474,720575940622378474,1.0,False
1405,720575940637296105,720575940637296105,1.0,False
1406,720575940622740467,720575940631372764,1.0,True
1407,720575940633954808,720575940633954808,1.0,False
1408,720575940626537468,720575940626537468,1.0,False
1409,720575940644562286,720575940644562286,1.0,False
1410,720575940618687793,720575940628358931,0.99,True
1411,720575940609940419,720575940628257874,1.0,True
1412,720575940616027835,720575940621638593,1.0,True
1413,720575940635510975,720575940645975063,0.99,True
1414,720575940630372546,720575940620561713,0.94,True
1415,720575940624011460,720575940622398836,0.96,True
1416,720575940625231653,720575940644609440,0.99,True
1417,720575940624496647,720575940628692040,0.98,True
1418,720575940622228999,720575940622228999,1.0,False
1419,720575940643383240,720575940624899767,0.99,True
1420,720575940610103665,720575940623036766,1.0,True
1421,720575940619932655,720575940633976403,0.98,True
1422,720575940626755673,720575940626755673,1.0,False
1423,720575940617226641,720575940617226641,1.0,False
1424,720575940617864961,720575940617864961,1.0,False
1425,720575940627100584,720575940633556644,0.99,True
1426,720575940617444130,720575940617444130,1.0,False
1427,720575940631517251,720575940631517251,1.0,False
1428,720575940623455239,720575940623455239,1.0,False
1429,720575940618165393,720575940618165393,1.0,False
1430,720575940622998627,720575940622998627,1.0,False
1431,720575940627801877,720575940627801877,1.0,False
1432,720575940625101360,720575940625101360,1.0,False
1433,720575940635254117,720575940635254117,1.0,False
1434,720575940646019107,720575940623036254,0.99,True
1435,720575940643843620,720575940643843620,1.0,False
1436,720575940629218811,720575940629218811,1.0,False
1437,720575940604241510,720575940604241510,1.0,False
1438,720575940606310748,720575940606310748,1.0,False
1439,720575940621354736,720575940621354736,1.0,False
1440,720575940606428850,720575940606428850,1.0,False
1441,720575940626086842,720575940626086842,1.0,False
1442,720575940607014530,720575940607014530,1.0,False
1443,720575940607375794,720575940607375794,1.0,False
1444,720575940629210490,720575940621668079,1.0,True
1445,720575940608402012,720575940608402012,1.0,False
1446,720575940612153041,720575940612153041,1.0,False
1447,720575940610760306,720575940610760306,1.0,False
1448,720575940613418547,720575940613418547,1.0,False
1449,720575940634751918,720575940634751918,1.0,False
1450,720575940613553202,720575940613553202,1.0,False
1451,720575940613598514,720575940613598514,1.0,False
1452,720575940640096976,720575940640096976,1.0,False
1453,720575940613958194,720575940613958194,1.0,False
1454,720575940614595643,720575940614595643,1.0,False
1455,720575940617050196,720575940617050196,1.0,False
1456,720575940617208065,720575940617208065,1.0,False
1457,720575940618896737,720575940631262252,0.97,True
1458,720575940617264501,720575940637633678,0.99,True
1459,720575940619620596,720575940619620596,1.0,False
1460,720575940617884692,720575940617884692,1.0,False
1461,720575940617999700,720575940617999700,1.0,False
1462,720575940618029989,720575940629704297,0.95,True
1463,720575940618202539,720575940618202539,1.0,False
1464,720575940618208310,720575940618208310,1.0,False
1465,720575940620472956,720575940620472956,1.0,False
1466,720575940620657857,720575940620657857,1.0,False
1467,720575940637635305,720575940637635305,1.0,False
1468,720575940620718605,720575940620718605,1.0,False
1469,720575940631740497,720575940631740497,1.0,False
1470,720575940621326324,720575940617019846,1.0,True
1471,720575940621442124,720575940621442124,1.0,False
1472,720575940627709956,720575940627709956,1.0,False
1473,720575940622184105,720575940622184105,1.0,False
1474,720575940623330192,720575940623330192,1.0,False
1475,720575940623697898,720575940623697898,1.0,False
1476,720575940624431288,720575940624431288,1.0,False
1477,720575940625328401,720575940625328401,1.0,False
1478,720575940625557893,720575940625557893,1.0,False
1479,720575940627333826,720575940627333826,1.0,False
1480,720575940628267259,720575940628267259,1.0,False
1481,720575940628319899,720575940628319899,1.0,False
1482,720575940634105439,720575940634105439,1.0,False
1483,720575940628614487,720575940628614487,1.0,False
1484,720575940630126966,720575940630126966,1.0,False
1485,720575940632280391,720575940620129182,1.0,True
1486,720575940633387768,720575940633387768,1.0,False
1487,720575940634538847,720575940634538847,1.0,False
1488,720575940634557594,720575940634557594,1.0,False
1489,720575940635886682,720575940635886682,1.0,False
1490,720575940636168628,720575940636168628,1.0,False
1491,720575940640167552,720575940640167552,1.0,False
1492,720575940651404022,720575940651404022,1.0,False
