,Neuron name,Current Root ID Spring 2023,id
0,A1_L1,720575940621039145,720575940631693610
1,A1_L2,720575940631200327,720575940631200327
2,A1_L3,720575940618522433,720575940618522433
3,A1_R1,720575940612001489,720575940612001489
4,A1_R2,720575940616313942,720575940616313942
5,A2_L,720575940603183718,720575940638214461
6,A2_R,720575940618206854,720575940632649697
7,B1-1_L1,720575940637107315,720575940626562570
8,B1-1_L2,720575940635547113,720575940635547113
9,B1-1_L3,720575940629913169,720575940629913169
10,B1-1_L4,720575940609843865,720575940609843865
11,B1-1_L5,720575940622097959,720575940622097959
12,B1-1_L6,720575940625683176,720575940625683176
13,B1-1_R1,720575940630223052,720575940630223052
14,B1-1_R2,720575940611277293,720575940611277293
15,B1-1_R3,720575940616809401,720575940616809401
16,B1-1_R4,720575940619942859,720575940619942859
17,B1-1_R5,720575940607188036,720575940607188036
18,B1-1_R6,720575940606332629,720575940606332629
19,B1-2_L1,720575940627957719,720575940627957719
20,B1-2_L2,720575940610077026,720575940610077026
21,B1-2_L3,720575940632715359,720575940632715359
22,B1-2_L4,720575940620758221,720575940620758221
23,B1-2_L5,720575940607371076,720575940607371076
24,B1-2_L6,720575940614450774,720575940614450774
25,B1-2_L7,720575940618758753,720575940618758753
26,B1-2_L8,720575940642412941,720575940642412941
27,B1-2_R1,720575940636679989,720575940636679989
28,B1-2_R2,720575940612523571,720575940612523571
29,B1-2_R3,720575940604839200,720575940604839200
30,B1-2_R4,720575940610358990,720575940610358990
31,B1-2_R5,720575940627410944,720575940627410944
32,B1-2_R6,720575940630603091,720575940630603091
33,B1-2_R7,720575940612146174,720575940612146174
34,B1-2_R8,720575940622254375,720575940622254375
35,B1-3_L1,720575940628910095,720575940628910095
36,B1-3_L2,720575940606010569,720575940606010569
37,B1-3_L3,720575940654117025,720575940654117025
38,B1-3_L4,720575940603636913,720575940603636913
39,B1-3_R1,720575940624704393,720575940624704393
40,B1-3_R2,720575940618066415,720575940618066415
41,B1-3_R3,720575940619405812,720575940619405812
42,B1-3_R4,720575940614840891,720575940614840891
43,B1-4_L1,720575940617431325,720575940617431325
44,B1-4_L2,720575940609076693,720575940609076693
45,B1-4_L3,720575940609522382,720575940609522382
46,B1-4_L4,720575940614633867,720575940614633867
47,B1-4_L5,720575940613380914,720575940613380914
48,B1-4_L6,720575940607183172,720575940639241279
49,B1-4_L7,720575940606336213,720575940606336213
50,B1-4_R1,720575940618795952,720575940620980323
51,B1-4_R2,720575940627197566,720575940627263375
52,B1-4_R3,720575940627408640,720575940637663662
53,B1-4_R4,720575940629806407,720575940614310802
54,B1-4_R5,720575940635282910,720575940635282910
55,B1-4_R6,720575940618599277,720575940618599277
56,B1-4_R7,720575940609673369,720575940609673369
57,B1-5_L1,720575940615723077,720575940615723077
58,B1-5_L2,720575940618409797,720575940618409797
59,B1-5_L3,720575940621043753,720575940621043753
60,B1-5_L4,720575940611864243,720575940611864243
61,B1-5_L5,720575940634599792,720575940634599792
62,B1-5_L6,720575940624087283,720575940624087283
63,B1-5_L7,720575940631631564,720575940631631564
64,B1-5_L8,720575940639205198,720575940639205198
65,B1-5_L9,720575940609832410,720575940609832410
66,B1-5_L10,720575940617609029,720575940616804806
67,B1-5_R1,720575940621242025,720575940621242025
68,B1-5_R2,720575940618392912,720575940618392912
69,B1-5_R3,720575940634877850,720575940634877850
70,B1-5_R4,720575940620731631,720575940620731631
71,B1-5_R5,720575940616633925,720575940616633925
72,B1-5_R6,720575940630277175,720575940630277175
73,B1-5_R7,720575940628016983,720575940628016983
74,B1-5_R8,720575940646400644,720575940646400644
75,B1-5_R9,720575940627455621,720575940627455621
76,B1-5_R10,720575940631490360,720575940623233238
77,B1-5_R11,720575940621800798,720575940621800798
78,B1-5_R12,720575940617882397,720575940617882397
79,B1-5_R13,720575940622577336,720575940622577336
80,B1-u_L1,720575940624795017,720575940624795017
81,B1-u_L2,720575940612153086,720575940612153086
82,B1-u_L3,720575940630788919,720575940630788919
83,B1-u_L4,720575940621339686,720575940621339686
84,B1-u_L5,720575940612833278,720575940609648395
85,B1-u_L6,720575940623738810,720575940627235386
86,B1-u_L7,720575940618063855,720575940632829507
87,B1-u_L8,720575940611388141,720575940611388141
88,B1-u_L9,720575940624878602,720575940624878602
89,B1-u_L10,720575940620112342,720575940634606693
90,B1-u_L11,720575940626431567,720575940615408059
91,B1-u_L12,720575940621815766,720575940621815766
92,B1-u_L13,720575940619034806,720575940619034806
93,B1-u_L14,720575940611988391,720575940611988391
94,B1-u_L15,720575940622168088,720575940622168088
95,B1-u_L16,720575940613422860,720575940613422860
96,B1-u_L17,720575940624109464,720575940624109464
97,B1-u_L18,720575940608035374,720575940608035374
98,B1-u_L19,720575940632122464,720575940632122464
99,B1-u_L20,720575940618513985,720575940630131218
100,B1-u_L21,720575940634915576,720575940634915576
101,B1-u_L22,720575940623873829,720575940623873829
102,B1-u_L23,720575940644345652,720575940644345652
103,B1-u_L24,720575940625454596,720575940625454596
104,B1-u_R1,720575940626153488,720575940626153488
105,B1-u_R2,720575940630184787,720575940646341486
106,B1-u_R3,720575940624872179,720575940624872179
107,B1-u_R4,720575940629063418,720575940629063418
108,B1-u_R5,720575940659098241,720575940659098241
109,B1-u_R6,720575940644072483,720575940644072483
110,B1-u_R7,720575940603195494,720575940603195494
111,B1-u_R8,720575940618524481,720575940618524481
112,B1-u_R9,720575940639696755,720575940639696755
113,B1-u_R10,720575940630028359,720575940630028359
114,B1-u_R11,720575940634701407,720575940634701407
115,B1-u_R12,720575940622004106,720575940622004106
116,B1-u_R13,720575940603616800,720575940603616800
117,B1-u_R14,720575940625483962,720575940625483962
118,B1-u_R15,720575940615226086,720575940615226086
119,B1-u_R16,720575940632084705,720575940632084705
120,B1-u_R17,720575940624245946,720575940624245946
121,B1-u_R18,720575940623735482,720575940623735482
122,B1-u_R19,720575940622778820,720575940622778820
123,B1-u_R20,720575940607570185,720575940607570185
124,B2_L1,720575940617118424,720575940624700138
125,B2_L2,720575940620012253,720575940620012253
126,B2_L3,720575940611597298,720575940611597298
127,B2_R1,720575940625984528,720575940625984528
128,B2_R2,720575940629065154,720575940629065154
129,B2_R3,720575940613311151,720575940613311151
130,GF_L,720575940632499757,720575940632499757
131,GF_R,720575940622838154,720575940622838154
132,WED-VLP-1_L1,720575940641359776,720575940641359776
133,WED-VLP-1_L2,720575940609927141,720575940609927141
134,WED-VLP-1_L3,720575940618833840,720575940618833840
135,WED-VLP-1_L4,720575940620392984,720575940620392984
136,WED-VLP-1_L5,720575940621308341,720575940621308341
137,WED-VLP-1_L6,720575940625989904,720575940625989904
138,WED-VLP-1_L7,720575940616611382,720575940616611382
139,WED-VLP-1_L8,720575940619785566,720575940619785566
140,put_WED-VLP-1_L1,720575940619784453,720575940619784453
141,put_WED-VLP-1_L2,720575940631922969,720575940631922969
142,WED-VLP-1_R1,720575940619249031,720575940619249031
143,WED-VLP-1_R2,720575940649911286,720575940649911286
144,WED-VLP-1_R3,720575940623787495,720575940623787495
145,WED-VLP-1_R4,720575940627174247,720575940627174247
146,WED-VLP-1_R5,720575940629954724,720575940629954724
147,WED-VLP-1_R6,720575940641400224,720575940641400224
148,WED-VLP-1_R7,720575940623547685,720575940623547685
149,WED-VLP-1_R8,720575940603186790,720575940603186790
150,put_WED-VLP-1_R1,720575940622054141,720575940621447077
151,put_WED-VLP-1_R2,720575940622969528,720575940622969528
152,put_WED-VLP-1_R3,720575940632157631,720575940632157631
153,put_WED-VLP-1_R4,720575940630744019,720575940630744019
154,WED-VLP-2_L1,720575940627350060,720575940627350060
155,WED-VLP-2_L2,720575940632649567,720575940632649567
156,WED-VLP-2_L3,720575940625032721,720575940625032721
157,WED-VLP-2_L4,720575940622609678,720575940622609678
158,WED-VLP-2_L5,720575940617117656,720575940617117656
159,WED-VLP-2_L6,720575940609927653,720575940609927653
160,WED-VLP-2_L7,720575940638202320,720575940638202320
161,WED-VLP-2_R1,720575940634126949,720575940634126949
162,WED-VLP-2_R2,720575940634126478,720575940634126478
163,WED-VLP-2_R3,720575940622699196,720575940622699196
164,WED-VLP-2_R4,720575940618026667,720575940628033944
165,WED-VLP-2_R5,720575940613943413,720575940613943413
166,WV-WV-1_1,720575940623322877,720575940623322877
167,WV-WV-1_2,720575940622123981,720575940622123981
168,WV-WV-1_3,720575940617940308,720575940635330204
169,WV-WV-2_1,720575940605095346,720575940605095346
170,WV-WV-2_2,720575940634571383,720575940634571383
171,WV-WV-2_3,720575940620835327,720575940620835327
172,WV-WV-2_4,720575940610393458,720575940625345328
173,WV-WV-2_5,720575940621148660,720575940621148660
174,WV-WV-2_6,720575940614483286,720575940618342966
175,WV-WV-3_1,720575940639811469,720575940639811469
176,WV-WV-3_2,720575940603533246,720575940603533246
177,WV-WV-3_3,720575940632945177,720575940632945177
178,WV-WV-3_4,720575940609513841,720575940609513841
179,WV-WV-3_5,720575940616579486,720575940627201579
180,WV-WV-3_6,720575940621717469,720575940621717469
181,WV-WV-3_7,720575940626877799,720575940605214636
182,WV-WV-3_8,720575940604201830,720575940604201830
183,WV-WV-3_9,720575940641545888,720575940641545888
184,AVLP_pr01_L1,720575940619783518,720575940619783518
185,AVLP_pr01_L2,720575940620062633,720575940620062633
186,AVLP_pr01_L3,720575940602914988,720575940602914988
187,AVLP_pr01_L4,720575940630353682,720575940630353682
188,AVLP_pr01_L5,720575940620195719,720575940620195719
189,AVLP_pr01_L6,720575940634508174,720575940634508174
190,AVLP_pr01_L7,720575940627642818,720575940627642818
191,AVLP_pr01_L8,720575940609014370,720575940609014370
192,AVLP_pr01_L9,720575940607055061,720575940607055061
193,AVLP_pr01_R1,720575940628489516,720575940628489516
194,AVLP_pr01_R2,720575940622065432,720575940622065432
195,AVLP_pr01_R3,720575940631425965,720575940631425965
196,AVLP_pr01_R4,720575940626042499,720575940626042499
197,AVLP_pr01_R5,720575940620929416,720575940620929416
198,AVLP_pr01_R6,720575940623987982,720575940623987982
199,AVLP_pr01_R7,720575940603683505,720575940603683505
200,AVLP_pr01_R8,720575940629283659,720575940629283659
201,AVLP_pr01_R9,720575940621713672,720575940621713672
202,AVLP_pr01_R10,720575940627709801,720575940627709801
203,AVLP_pr02_L1,720575940644319796,720575940644319796
204,AVLP_pr02_L2,720575940619583749,720575940619583749
205,AVLP_pr02_L3,720575940636504553,720575940636504553
206,AVLP_pr02_R1,720575940610558357,720575940610558357
207,AVLP_pr02_R2,720575940630087542,720575940630087542
208,AVLP_pr02_R3,720575940617390027,720575940617390027
209,WED_pr01_L1,720575940623621157,720575940623621157
210,WED_pr01_L2,720575940624875018,720575940624875018
211,WED_pr01_L3,720575940624314468,720575940624314468
212,WED_pr01_L4,720575940616612313,720575940616612313
213,WED_pr01_L5,720575940628584783,720575940628584783
214,WED_pr01_L6,720575940626228329,720575940626228329
215,put_WED_pr01_L1,720575940608979395,720575940608979395
216,WED_pr01_R1,720575940608819780,720575940608819780
217,WED_pr01_R2,720575940624473918,720575940624473918
218,WED_pr01_R3,720575940632303807,720575940632303807
219,WED_pr01_R4,720575940622529574,720575940622529574
220,WED_pr01_R5,720575940626853245,720575940626853245
221,put_WED_pr01_R1,720575940629974948,720575940638666473
222,GNG_pr01_L1,720575940619615770,720575940619615770
223,GNG_pr01_L2,720575940605252128,720575940625752300
224,GNG_pr01_L3,720575940621429757,720575940621429757
225,put_GNG_pr01_L1,720575940612801022,720575940612801022
226,put_GNG_pr01_L2,720575940655398817,720575940655398817
227,put_GNG_pr01_L3,720575940630203589,720575940630203589
228,put_GNG_pr01_L4,720575940622420518,720575940615966943
229,GNG_pr01_R1,720575940624361735,720575940615966943
230,GNG_pr01_R2,720575940641626056,720575940641626056
231,GNG_pr01_R3,720575940624666245,720575940624666245
232,GNG_pr01_R4,720575940635520489,720575940635520489
233,GNG_pr01_R5,720575940625778428,720575940625778428
234,GNG_pr01_R6,720575940628869391,720575940628869391
235,put_GNG_pr01_R1,720575940624656276,720575940617641077
236,put_GNG_pr01_R2,720575940630245906,720575940630571068
237,AVLP_pr22_L1,720575940626844559,720575940626844559
238,AVLP_pr22_L2,720575940617622219,720575940617622219
239,AVLP_pr22_L3,720575940645813636,720575940645813636
240,AVLP_pr22_L4,720575940627585918,720575940627585918
241,AVLP_pr22_L5,720575940614949938,720575940614949938
242,AVLP_pr22_L6,720575940618003672,720575940618003672
243,AVLP_pr22_L7,720575940623781438,720575940623781438
244,AVLP_pr22_L8,720575940603692256,720575940603692256
245,AVLP_pr22_L9,720575940630622803,720575940630622803
246,AVLP_pr22_L10,720575940603695025,720575940603695025
247,AVLP_pr22_L11,720575940623095832,720575940625463048
248,AVLP_pr22_L12,720575940634136255,720575940634136255
249,AVLP_pr22_L13,720575940613530636,720575940613530636
250,AVLP_pr22_L14,720575940606613771,720575940606613771
251,AVLP_pr22_L15,720575940642687255,720575940642687255
252,AVLP_pr22_L16,720575940620808948,720575940620808948
253,put_AVLP_pr22_L1,720575940628881739,720575940628881739
254,put_AVLP_pr22_L2,720575940622730022,720575940611713634
255,put_AVLP_pr22_L3,720575940628139024,720575940620111006
256,AVLP_pr22_R1,720575940621649288,720575940639223524
257,AVLP_pr22_R2,720575940611888337,720575940611888337
258,AVLP_pr22_R3,720575940632904555,720575940630669818
259,AVLP_pr22_R4,720575940645516676,720575940645516676
260,AVLP_pr22_R5,720575940623352873,720575940623352873
261,AVLP_pr22_R6,720575940629001719,720575940642345179
262,AVLP_pr22_R7,720575940610414450,720575940610414450
263,AVLP_pr22_R8,720575940620566733,720575940620566733
264,AVLP_pr22_R9,720575940621230739,720575940621230739
265,AVLP_pr22_R10,720575940632527571,720575940632527571
266,put_AVLP_pr22_R1,720575940638897779,720575940628745745
267,put_AVLP_pr22_R2,720575940624106023,720575940624106023
268,IPS/WED_pr01_L1,720575940616420150,720575940616420150
269,IPS/WED_pr01_L2,720575940632184928,720575940632184928
270,IPS/WED_pr01_L3,720575940612975007,720575940612975007
271,IPS/WED_pr01_L4,720575940642686999,720575940642686999
272,IPS/WED_pr01_L5,720575940630049617,720575940630049617
273,IPS/WED_pr01_L6,720575940615768861,720575940615768861
274,IPS/WED_pr01_L7,720575940630622509,720575940630622509
275,put_IPS/WED_pr01_L1,720575940624461496,720575940631968855
276,put_IPS/WED_pr01_L2,720575940615906388,720575940615906388
277,IPS/WED_pr01_R1,720575940615236582,720575940615236582
278,IPS/WED_pr01_R2,720575940609291214,720575940609291214
279,IPS/WED_pr01_R3,720575940623802298,720575940623802298
280,IPS/WED_pr01_R4,720575940629211960,720575940629211960
281,IPS/WED_pr01_R5,720575940618225030,720575940618225030
282,IPS/WED_pr01_R6,720575940625391397,720575940625391397
283,put_IPS/WED_pr01_R1,720575940620840669,720575940616708108
284,put_IPS/WED_pr01_R2,720575940619233812,720575940619233812
285,put_IPS/WED_pr01_R3,720575940625344529,720575940625344529
286,put_IPS/WED_pr01_R4,720575940625779655,720575940625779655
287,put_IPS/WED_pr01_R5,720575940619679356,720575940619679356
288,AVLP_pr31_L1,720575940634709872,720575940634709872
289,AVLP_pr31_L2,720575940628405366,720575940628405366
290,AVLP_pr31_L3,720575940610880149,720575940610880149
291,AVLP_pr31_L4,720575940633682295,720575940633682295
292,AVLP_pr31_L5,720575940650973174,720575940650973174
293,AVLP_pr31_L6,720575940627952207,720575940627952207
294,put_AVLP_pr31_L1,720575940607254723,720575940607254723
295,put_AVLP_pr31_L2,720575940619590081,720575940619590081
296,put_AVLP_pr31_L3,720575940622754756,720575940622754756
297,put_AVLP_pr31_L4,720575940604114604,720575940604114604
298,put_AVLP_pr31_L5,720575940619121647,720575940619121647
299,put_AVLP_pr31_L6,720575940620801304,720575940620801304
300,put_AVLP_pr31_L7,720575940621556743,720575940621556743
301,put_AVLP_pr31_L8,720575940625844721,720575940625844721
302,put_AVLP_pr31_L9,720575940627721154,720575940627721154
303,put_AVLP_pr31_L10,720575940636111081,720575940636111081
304,put_AVLP_pr31_L11,720575940607627275,720575940607627275
305,put_AVLP_pr31_L12,720575940623656376,720575940623656376
306,put_AVLP_pr31_L13,720575940629271352,720575940629271352
307,AVLP_pr31_R1,720575940630334828,720575940630334828
308,AVLP_pr31_R2,720575940625427272,720575940625427272
309,AVLP_pr31_R3,720575940626568235,720575940626568235
310,AVLP_pr31_R4,720575940625701909,720575940625701909
311,AVLP_pr31_R5,720575940631158242,720575940631158242
312,AVLP_pr31_R6,720575940611694545,720575940611694545
313,AVLP_pr31_R7,720575940624375324,720575940624375324
314,AVLP_pr31_R8,720575940621625607,720575940621625607
315,put_AVLP_pr31_R1,720575940605137538,720575940605137538
316,put_AVLP_pr31_R2,720575940642818852,720575940642818852
317,put_AVLP_pr31_R3,720575940626717712,720575940626717712
318,put_AVLP_pr31_R4,720575940621256682,720575940621256682
319,put_AVLP_pr31_R5,720575940622895911,720575940622895911
320,put_AVLP_pr31_R6,720575940627827450,720575940627827450
321,put_AVLP_pr31_R7,720575940625283093,720575940625283093
322,put_AVLP_pr31_R8,720575940626256003,720575940626256003
323,AVLP_pr32_R1,720575940648981881,720575940648981881
324,AVLP_pr32_R2,720575940610929379,720575940610929379
325,AVLP_pr32_R3,720575940617353433,720575940617353433
326,SAD_pr02_L1,720575940621324996,720575940621324996
327,SAD_pr02_L2,720575940617197057,720575940617197057
328,SAD_pr02_L3,720575940617884736,720575940617884736
329,SAD_pr02_L4,720575940630659446,720575940630659446
330,put_SAD_pr02_L1,720575940615868485,720575940615868485
331,put_SAD_pr02_L2,720575940608370012,720575940608370012
332,put_SAD_pr02_L3,720575940612338674,720575940612338674
333,put_SAD_pr02_L4,720575940623292713,720575940623292713
334,put_SAD_pr02_L5,720575940626745387,720575940626745387
335,SAD_pr02_R1,720575940620910774,720575940620910774
336,SAD_pr02_R2,720575940608432760,720575940608432760
337,SAD_pr02_R3,720575940633040097,720575940633040097
338,SAD_pr02_R4,720575940623090446,720575940623090446
339,SAD_pr02_R5,720575940627939177,720575940627939177
340,SAD_pr02_R6,720575940645497140,720575940645497140
341,SAD_pr02_R7,720575940615625053,720575940615625053
342,SAD_pr02_R8,720575940620859886,720575940620859886
343,SAD_pr02_R9,720575940628846966,720575940628846966
344,SAD_pr02_R10,720575940611335859,720575940611335859
345,AVLP_pr04_L1,720575940630506102,720575940629513478
346,AVLP_pr04_L2,720575940627604977,720575940627604977
347,AVLP_pr04_R1,720575940623113752,720575940623113752
348,AVLP_pr04_R2,720575940608287497,720575940608287497
349,AVLP_pr12_L1,720575940628333788,720575940628333788
350,AVLP_pr12_L2,720575940620424472,720575940620424472
351,AVLP_pr12_L3,720575940620123613,720575940635130905
352,AVLP_pr12_L4,720575940626869403,720575940626869403
353,AVLP_pr12_L5,720575940632011420,720575940632011420
354,AVLP_pr12_L6,720575940637319134,720575940637319134
355,AVLP_pr12_R1,720575940614437462,720575940614437462
356,AVLP_pr12_R2,720575940626885124,720575940626885124
357,AVLP_pr12_R3,720575940637079667,720575940637079667
358,AVLP_pr12_R4,720575940634371941,720575940634371941
359,AVLP_pr12_R5,720575940608082990,720575940608082990
360,AVLP_pr12_R6,720575940630037073,720575940630037073
361,AVLP_pr12_R7,720575940606687957,720575940606687957
362,AVLP/PVLP_pr01_L,720575940622157277,720575940622157277
363,AVLP/PVLP_pr01_R1,720575940612975853,720575940612975853
364,AVLP/PVLP_pr01_R2,720575940605114754,720575940605114754
365,AVLP/PVLP_pr01_R3,720575940631805999,720575940631805999
366,AVLP/PVLP_pr01_R4,720575940630822607,720575940630822607
367,AVLP/PVLP_pr01_R5,720575940613531295,720575940613531295
368,AVLP/PVLP_pr01_R6,720575940611420634,720575940611420634
369,AVLP/PVLP_pr01_R7,720575940610399461,720575940610399461
370,AVLP/PVLP_pr01_R8,720575940634317724,720575940634317724
371,put_AVLP/PVLP_pr01_R1,720575940616588118,720575940621752001
372,put_AVLP/PVLP_pr01_R2,720575940622293227,720575940622293227
373,AVLP_pr36_L1,720575940632764883,720575940632764883
374,AVLP_pr36_L2,720575940617362772,720575940617362772
375,AVLP_pr36_L3,720575940620356557,720575940620356557
376,AVLP_pr36_L4,720575940627719294,720575940627719294
377,AVLP_pr36_L5,720575940627363687,720575940627363687
378,AVLP_pr36_L6,720575940626651395,720575940615635037
379,AVLP_pr36_L7,720575940615592409,720575940615592409
380,AVLP_pr36_L8,720575940619688688,720575940619688688
381,AVLP_pr36_L9,720575940637175349,720575940637175349
382,AVLP_pr36_L10,720575940628837650,720575940628837650
383,put_AVLP_pr36_L1,720575940615635037,720575940615635037
384,AVLP_pr36_R1,720575940637834301,720575940637834301
385,AVLP_pr36_R2,720575940629244357,720575940629244357
386,AVLP_pr36_R3,720575940602120928,720575940602120928
387,AVLP_pr36_R4,720575940617034398,720575940617034398
388,AVLP_pr36_R5,720575940613034602,720575940613034602
389,AVLP_pr36_R6,720575940609996773,720575940609996773
390,put_AVLP_pr36_R1,720575940624662508,720575940624662508
391,put_AVLP_pr36_R2,720575940627850618,720575940627850618
392,put_AVLP_pr36_R3,720575940636471408,720575940636471408
393,put_AVLP_pr36_R4,720575940611270257,720575940611270257
394,put_AVLP_pr36_R5,720575940616502109,720575940616502109
395,put_AVLP_pr36_R6,720575940617012002,720575940623437180
396,put_AVLP_pr36_R7,720575940617653277,720575940617653277
397,put_AVLP_pr36_R8,720575940644252951,720575940644252951
398,put_AVLP_pr36_R9,720575940644259876,720575940644259876
399,AVLP_pr05_L1,720575940618477806,720575940618477806
400,AVLP_pr05_L2,720575940617529669,720575940617529669
401,AVLP_pr05_L3,720575940615798045,720575940615798045
402,AVLP_pr05_L4,720575940617193009,720575940617193009
403,AVLP_pr05_L5,720575940625839345,720575940625839345
404,AVLP_pr05_L6,720575940615348770,720575940615348770
405,AVLP_pr05_L7,720575940623748298,720575940623748298
406,AVLP_pr05_L8,720575940620191453,720575940620191453
407,AVLP_pr05_L9,720575940603331686,720575940603331686
408,AVLP_pr05_L10,720575940617943205,720575940617943205
409,AVLP_pr05_L11,720575940624172290,720575940624172290
410,AVLP_pr05_R1,720575940615530580,720575940618048724
411,AVLP_pr05_R2,720575940629414201,720575940629414201
412,AVLP_pr05_R3,720575940632722527,720575940632722527
413,AVLP_pr05_R4,720575940639494528,720575940639494528
414,AVLP_pr05_R5,720575940626401552,720575940626401552
415,AVLP_pr05_R6,720575940614662027,720575940616707394
416,AVLP_pr05_R7,720575940653919137,720575940653919137
417,AVLP_pr05_R8,720575940612965791,720575940612965791
418,AVLP_pr05_R9,720575940627127044,720575940627127044
419,AVLP_pr05_R10,720575940615729179,720575940615729179
420,AVLP_pr05_R11,720575940631838945,720575940631838945
421,AVLP_pr05_R12,720575940607049941,720575940607049941
422,AVLP_pr05_R13,720575940606202891,720575940606202891
423,AVLP_pr05_R14,720575940617842196,720575940617842196
424,put_AVLP_pr05_R1,720575940637573693,720575940623300265
425,put_AVLP_pr05_R2,720575940630303307,720575940630303307
426,IPS_pr01_L1,720575940615915035,720575940615915035
427,IPS_pr01_L2,720575940610088618,720575940610088618
428,IPS_pr01_L3,720575940626777000,720575940626777000
429,IPS_pr01_L4,720575940616812217,720575940616812217
430,IPS_pr01_L5,720575940628977401,720575940624015459
431,put_IPS_pr01_L1,720575940629851496,720575940629851496
432,put_IPS_pr01_L2,720575940629316152,720575940629316152
433,IPS_pr01_R1,720575940627632428,720575940627632428
434,IPS_pr01_R2,720575940609630357,720575940609630357
435,IPS_pr01_R3,720575940617575760,720575940617575760
436,IPS_pr01_R4,720575940618292416,720575940618292416
437,put_IPS_pr01_R1,720575940620840669,720575940616708108
438,put_IPS_pr01_R2,720575940619233812,720575940619233812
439,put_IPS_pr01_R3,720575940625344529,720575940625344529
440,put_IPS_pr01_R4,720575940625779655,720575940625779655
441,put_IPS_pr01_R5,720575940619679356,720575940619679356
442,AVLP_pr11_L1,720575940622519773,720575940622519773
443,AVLP_pr11_L2,720575940628102876,720575940628102876
444,AVLP_pr11_L3,720575940617073113,720575940617073113
445,AVLP_pr11_L4,720575940624574100,720575940624574100
446,AVLP_pr11_L5,720575940617852470,720575940622998021
447,AVLP_pr11_L6,720575940626774037,720575940626774037
448,put_AVLP_pr11_L1,720575940611244530,720575940611244530
449,put_AVLP_pr11_L2,720575940609365828,720575940609365828
450,put_AVLP_pr11_L3,720575940625844738,720575940625844738
451,put_AVLP_pr11_L4,720575940629142650,720575940629142650
452,AVLP_pr11_R1,720575940620622984,720575940616783833
453,AVLP_pr11_R2,720575940640631248,720575940640631248
454,AVLP_pr11_R3,720575940634371685,720575940634371685
455,AVLP_pr11_R4,720575940622860680,720575940622860680
456,AVLP_pr11_R5,720575940627239482,720575940627239482
457,AVLP_pr11_R6,720575940634762394,720575940634762394
458,AVLP_pr11_R7,720575940618184773,720575940618184773
459,AVLP_pr11_R8,720575940623414781,720575940623414781
460,AVLP_pr11_R9,720575940621002083,720575940641701328
461,put_AVLP_pr11_R1,720575940612898797,720575940612898797
462,put_AVLP_pr11_R2,720575940619318321,720575940619318321
463,put_AVLP_pr11_R3,720575940622228173,720575940622228173
464,put_AVLP_pr11_R4,720575940624012105,720575940613039795
465,put_AVLP_pr11_R5,720575940617939797,720575940617939797
466,WED_pr02_L1,720575940620738799,720575940620738799
467,WED_pr02_L2,720575940625887631,720575940625887631
468,WED_pr02_L3,720575940654490785,720575940654490785
469,WED_pr02_L4,720575940627378476,720575940627378476
470,WED_pr02_L5,720575940616211013,720575940616211013
471,WED_pr02_L6,720575940615930299,720575940615930299
472,put_WED_pr02_L1,720575940612273575,720575940612273575
473,put_WED_pr02_L2,720575940616086411,720575940616086411
474,put_WED_pr02_L3,720575940634631342,720575940634631342
475,put_WED_pr02_L4,720575940605308082,720575940605308082
476,put_WED_pr02_L5,720575940606743170,720575940606743170
477,put_WED_pr02_L6,720575940629592119,720575940629592119
478,put_WED_pr02_L7,720575940622065622,720575940622065622
479,put_WED_pr02_L8,720575940610088883,720575940610088883
480,put_WED_pr02_L9,720575940631328738,720575940631328738
481,put_WED_pr02_L10,720575940635749751,720575940635749751
482,WED_pr02_R1,720575940632998136,720575940632998136
483,WED_pr02_R2,720575940639695568,720575940639695568
484,WED_pr02_R3,720575940637410394,720575940637410394
485,WED_pr02_R4,720575940621146771,720575940621146771
486,WED_pr02_R5,720575940630258003,720575940630258003
487,WED_pr02_R6,720575940633044634,720575940633044634
488,WED_pr02_R7,720575940624134296,720575940624134296
489,WED_pr02_R8,720575940627218882,720575940627218882
490,WED_pr02_R9,720575940623688119,720575940623688119
491,WED_pr02_R10,720575940629938487,720575940629938487
492,WED_pr02_R11,720575940660314241,720575940660314241
493,WED_pr02_R12,720575940628267264,720575940628267264
494,WED_pr02_R13,720575940630749523,720575940630749523
495,put_WED_pr02_R1,720575940612078511,720575940612078511
496,put_WED_pr02_R2,720575940635981742,720575940635981742
497,put_WED_pr02_R3,720575940602380768,720575940602380768
498,put_WED_pr02_R4,720575940627096232,720575940627096232
499,put_WED_pr02_R5,720575940631535073,720575940631535073
500,put_WED_pr02_R6,720575940633401199,720575940633401199
501,put_WED_pr02_R7,720575940634299071,720575940634299071
502,put_WED_pr02_R8,720575940651593974,720575940651593974
503,IPS_pr02_L,720575940610116581,720575940610116581
504,IPS_pr02_R,720575940614018060,720575940614018060
505,AVLP_pr23_L,720575940619238582,720575940621779035
506,AVLP_pr23_R,720575940631153194,720575940631153194
507,put_AVLP_pr23_R,720575940644968302,720575940644968302
508,PVLP_pr03_L1,720575940630446879,720575940630446879
509,PVLP_pr03_L2,720575940622409983,720575940622409983
510,PVLP_pr03_L3,720575940630131062,720575940615205427
511,PVLP_pr03_L4,720575940630548035,720575940630548035
512,PVLP_pr03_L5,720575940654167201,720575940654167201
513,PVLP_pr03_L6,720575940626583056,720575940626583056
514,PVLP_pr03_L7,720575940610653462,720575940610653462
515,PVLP_pr03_L8,720575940611812527,720575940611812527
516,PVLP_pr03_L9,720575940625194558,720575940625194558
517,put_PVLP_pr03_L1,720575940625600284,720575940625600284
518,put_PVLP_pr03_L2,720575940621730910,720575940621730910
519,put_PVLP_pr03_L3,720575940605074278,720575940605074278
520,PVLP_pr03_R1,720575940641031899,720575940636573108
521,PVLP_pr03_R2,720575940630637330,720575940630637330
522,PVLP_pr03_R3,720575940622304243,720575940622304243
523,PVLP_pr03_R4,720575940636533574,720575940636533574
524,PVLP_pr03_R5,720575940619655616,720575940619655616
525,PVLP_pr03_R6,720575940614009542,720575940614009542
526,PVLP_pr03_R7,720575940643826212,720575940643826212
527,PVLP_pr03_R8,720575940628118683,720575940628118683
528,PVLP_pr03_R9,720575940624698170,720575940624698170
529,put_PVLP_pr03_R1,720575940628538732,720575940628538732
530,put_PVLP_pr03_R2,720575940617255709,720575940613824370
531,put_PVLP_pr03_R3,720575940621149737,720575940631947095
532,put_PVLP_pr03_R4,720575940620708109,720575940620708109
533,put_PVLP_pr03_R5,720575940623808520,720575940623808520
534,SAD_pr01_L,720575940624571116,720575940624571116
535,SAD_pr01_R,720575940644488727,720575940644488727
536,AVLP_pr35_L,720575940612409494,720575940612409494
537,AVLP_pr35_R,720575940626196313,720575940626196313
538,vpoEN_L1,720575940619415679,720575940619415679
539,vpoEN_L2,720575940632385943,720575940632385943
540,vpoEN_R1,720575940635403230,720575940635403230
541,vpoEN_R2,720575940634829168,720575940634829168
542,vpoIN_L1,720575940628256763,720575940628256763
543,vpoIN_L2,720575940614752395,720575940614752395
544,vpoIN_L3,720575940618851425,720575940618851425
545,vpoIN_L4,720575940612403427,720575940612403427
546,vpoIN_L5,720575940628528377,720575940628528377
547,vpoIN_L6,720575940636705502,720575940636705502
548,vpoIN_L7,720575940618812888,720575940618812888
549,vpoIN_L8,720575940628542807,720575940628542807
550,put_vpoIN_L1,720575940616727782,720575940616727782
551,put_vpoIN_L2,720575940620076415,720575940620076415
552,put_vpoIN_L3,720575940611538126,720575940611538126
553,put_vpoIN_L4,720575940617385176,720575940617385176
554,put_vpoIN_L5,720575940623360440,720575940623360440
555,vpoIN_R1,720575940623256202,720575940623256202
556,vpoIN_R2,720575940615894877,720575940615894877
557,vpoIN_R3,720575940615200059,720575940615200059
558,vpoIN_R4,720575940638054719,720575940638054719
559,vpoIN_R5,720575940632392599,720575940632392599
560,vpoIN_R6,720575940629199146,720575940629199146
561,pMN1_L,720575940634813295,720575940624463242
562,pMN1_R,720575940644300323,720575940644300323
563,put_pMN1_R,720575940644300323,720575940644300323
564,pMN2_L,720575940613170498,720575940613170498
565,pMN2_R,720575940628053820,720575940627496829
566,pC2la_L1,720575940636910825,720575940636910825
567,pC2la_L2,720575940627670032,720575940627670032
568,pC2la_L3,720575940623855397,720575940623855397
569,pC2la_L4,720575940610455781,720575940610455781
570,pC2la_L5,720575940621431492,720575940621431492
571,pC2la_L6,720575940634545294,720575940634545294
572,pC2la_L7,720575940630344396,720575940630344396
573,pC2la_R1,720575940632522848,720575940632522848
574,pC2la_R2,720575940619302640,720575940619302640
575,pC2la_R3,720575940630057979,720575940630057979
576,pC2la_R4,720575940621706987,720575940619675712
577,pC2lb_L1,720575940638095293,720575940638095293
578,pC2lb_L2,720575940611298483,720575940618475101
579,pC2lb_L3,720575940631179807,720575940631179807
580,pC2lb_L4,720575940626793831,720575940626793831
581,pC2lb_R1,720575940623725972,720575940623725972
582,pC2lb_R2,720575940633300148,720575940633300148
583,pC2lb_R3,720575940640176848,720575940640176848
584,pC2lb_R4,720575940640992731,720575940640992731
585,pC2lb_R5,720575940611401709,720575940611401709
586,pC2lc_R1,720575940642718318,720575940620931348
587,pC2lc_R2,720575940628719375,720575940628719375
588,pC2lc_R3,720575940629407020,720575940629407020
589,pC2ld_R,720575940629017591,720575940629017591
590,pC1d_L,720575940620356545,720575940620356545
591,pC1d_R,720575940620943201,720575940646518382
592,pC1e_L,720575940618364480,720575940618364480
593,pC1e_R,720575940634866586,720575940634866586
594,JO-A_R1,720575940625227672,720575940625227672
595,JO-A_R2,720575940623840589,720575940623840589
596,JO-A_R3,720575940626522620,720575940626522620
597,JO-A_R4,720575940623189799,720575940623189799
598,JO-A_R5,720575940630018115,720575940630018115
599,JO-A_R6,720575940621340429,720575940621340429
600,JO-A_R7,720575940625917386,720575940625917386
601,JO-A_R8,720575940621110454,720575940621110454
602,JO-A_R9,720575940627046010,720575940627046010
603,JO-A_R10,720575940630017603,720575940630017603
604,JO-A_R11,720575940627195691,720575940627195691
605,JO-A_R12,720575940638256949,720575940638256949
606,JO-A_R13,720575940627442197,720575940627442197
607,JO-A_R14,720575940631156431,720575940631156431
608,JO-A_R15,720575940617534110,720575940617534110
609,JO-A_R16,720575940608457483,720575940608457483
610,JO-A_R17,720575940627142666,720575940627142666
611,JO-A_R18,720575940622591049,720575940622591049
612,JO-A_R19,720575940620649641,720575940620649641
613,JO-A_R20,720575940620322753,720575940620322753
614,JO-A_R21,720575940621464344,720575940621464344
615,JO-A_R22,720575940627538947,720575940627538947
616,JO-A_R23,720575940614544582,720575940614544582
617,JO-A_R24,720575940619508033,720575940619508033
618,JO-A_R25,720575940629450366,720575940629450366
619,JO-A_R26,720575940607059122,720575940607059122
620,JO-A_R27,720575940633057943,720575940633057943
621,JO-A_R28,720575940608554052,720575940608554052
622,JO-A_R29,720575940628769239,720575940628769239
623,JO-A_R30,720575940618770625,720575940618770625
624,JO-A_R31,720575940624670759,720575940624670759
625,JO-A_R32,720575940606612937,720575940606612937
626,JO-A_R33,720575940626242191,720575940626242191
627,JO-A_R34,720575940634414959,720575940634414959
628,JO-A_R35,720575940629044071,720575940629044071
629,JO-A_R36,720575940632669741,720575940632669741
630,JO-A_R37,720575940620745825,720575940620745825
631,JO-A_R38,720575940607367125,720575940607367125
632,JO-A_R39,720575940628356358,720575940628356358
633,JO-A_R40,720575940642163341,720575940642163341
634,JO-A_R41,720575940611177586,720575940611177586
635,JO-A_R42,720575940618056753,720575940618056753
636,JO-A_R43,720575940619694512,720575940619694512
637,JO-A_R44,720575940613682911,720575940613682911
638,JO-A_R45,720575940614927989,720575940614927989
639,JO-B_R1,720575940610028868,720575940610028868
640,JO-B_R2,720575940625624464,720575940625624464
641,JO-B_R3,720575940631915219,720575940631915219
642,JO-B_R4,720575940615222201,720575940615222201
643,JO-B_R5,720575940613956767,720575940613956767
644,JO-B_R6,720575940643418990,720575940643418990
645,JO-B_R7,720575940624562618,720575940624562618
646,JO-B_R8,720575940621722111,720575940621722111
647,JO-B_R9,720575940634781594,720575940634781594
648,JO-B_R10,720575940613776962,720575940613776962
649,JO-B_R11,720575940604274622,720575940604274622
650,JO-B_R12,720575940626257736,720575940626257736
651,JO-B_R13,720575940620422938,720575940620422938
652,JO-B_R14,720575940606619081,720575940606619081
653,JO-B_R15,720575940637919551,720575940637919551
654,JO-B_R16,720575940626693894,720575940626693894
655,JO-B_R17,720575940640169947,720575940640169947
656,JO-B_R18,720575940625049945,720575940625049945
657,JO-B_R19,720575940614205708,720575940614205708
658,JO-B_R20,720575940615860061,720575940615860061
659,JO-B_R21,720575940627304963,720575940627304963
660,JO-B_R22,720575940624594276,720575940624594276
661,JO-B_R23,720575940618856896,720575940618856896
662,JO-B_R24,720575940626726021,720575940626726021
663,JO-B_R25,720575940636537663,720575940636537663
664,JO-B_R26,720575940622344216,720575940622344216
665,JO-B_R27,720575940619447105,720575940619447105
666,JO-B_R28,720575940632229457,720575940632229457
667,JO-B_R29,720575940613006590,720575940613006590
668,JO-B_R30,720575940634892389,720575940634892389
669,JO-B_R31,720575940623292925,720575940623292925
670,JO-B_R32,720575940604531229,720575940604531229
671,JO-B_R33,720575940632466784,720575940632466784
672,JO-B_R34,720575940613127314,720575940613127314
673,JO-B_R35,720575940612409885,720575940612409885
674,JO-B_R36,720575940632692378,720575940632692378
675,JO-B_R37,720575940638636533,720575940638636533
676,JO-B_R38,720575940612235439,720575940612235439
677,JO-B_R39,720575940609934365,720575940609934365
678,JO-B_R40,720575940625587970,720575940625587970
679,JO-B_R41,720575940600433181,720575940600433181
680,JO-B_R42,720575940620516846,720575940620516846
681,JO-B_R43,720575940616428884,720575940616428884
682,JO-B_R44,720575940609816014,720575940609816014
683,JO-B_R45,720575940610341525,720575940610341525
